pkg,version,year,llm_similarity_score,human_similarity_score
chalk,5.3.0,2023,0.9716322618015263,0.9704141326236722
commander,12.1.0,2024,0.9734666404531174,0.9183730320881142
debug,4.3.7,2024,0.9640447916435149,0.8640684884569566
semver,7.6.3,2024,0.9924504826560246,0.8829493501896033
uuid,10.0.0,2024,0.9764664791736372,0.6531513636638807
glob,11.0.0,2024,0.9845097561203565,0.9133709941874232
fs-extra,11.2.0,2023,0.9827163863079305,0.8950389412169721
yargs,17.7.2,2023,0.983690229187269,0.9226963223442753
axios,1.7.7,2024,0.9948159373981754,0.8989436222405333
mkdirp,3.0.1,2023,0.9467975351296724,0.9171510181421761
minimatch,10.0.1,2024,0.9832932730573909,0.8903528529466844
node-fetch,3.3.2,2023,0.9859132000663167,0.9142741989694029
rimraf,6.0.1,2024,0.954761472560737,0.9171183343749211
react,18.3.1,2024,0.9797255060718494,0.8781808104083484
ms,2.1.3,2020,0.979048669261023,0.8611466536910962
ajv,8.17.1,2024,0.9827260072965551,0.9644924248187869
async,3.2.6,2024,0.9681901628445793,0.8682442913840114
dotenv,16.4.5,2024,0.9770387084683082,0.965812806347464
react-dom,18.3.1,2024,0.9980486944300371,0.9260029129311789
@babel/core,7.25.7,2024,0.9808080647012851,0.7921258719126136
postcss,8.4.47,2024,0.9639251542634638,0.9424720659954156
ws,8.18.0,2024,0.9598635032134277,0.9546614882803712
eslint,9.12.0,2024,0.9458175353459999,0.9532534994468451
inquirer,12.0.0,2024,0.9799207060910782,0.9598513718221622
minimist,1.2.8,2023,0.9723908075911454,0.9469281992362812
qs,6.13.0,2024,0.9867915311817652,0.9710352580500383
core-js,3.38.1,2024,0.9688978311176952,0.8562777475059503
prettier,3.3.3,2024,0.9719977052635007,0.7380054024889684
prop-types,15.8.1,2022,0.9891715170373854,0.8990158266578416
readable-stream,4.5.2,2023,0.9394083387857847,0.9126310208747864
cross-spawn,7.0.3,2020,0.9869122156481369,0.9511015646531633
buffer,6.0.3,2020,0.970609890307778,0.9036683605020369
source-map,0.7.4,2022,0.9902645653693302,0.7667268359451189
form-data,4.0.1,2024,0.9929092341216301,0.9449337413396622
chokidar,4.0.1,2024,0.9826346587365182,0.8868319335188581
color-name,2.0.0,2022,0.9000008081757825,0.8123686191120598
iconv-lite,0.6.3,2021,0.9607844622142356,0.9583155338708844
which,5.0.0,2024,0.989195103185997,0.7981480458383425
rxjs,7.8.1,2023,0.9759141519037335,0.6425371609679906
resolve,1.22.8,2023,0.9349441070628339,0.9016429863942163
emoji-regex,10.4.0,2024,0.9586401495721423,0.7762527045137954
yaml,2.5.1,2024,0.973803920692512,0.9494335202777302
react-is,18.3.1,2024,0.9574892978506502,0.9040187522777254
safe-buffer,5.2.1,2020,0.976399226918591,0.9611591941270016
webpack,5.95.0,2024,0.9628028352026592,0.7197345105158373
acorn,8.12.1,2024,0.9913880587735733,0.8629518611068694
tslib,2.7.0,2024,0.9797509266873271,0.9769240801906711
source-map-support,0.5.21,2021,0.9943660260484611,0.938039664300201
picocolors,1.1.0,2024,0.9785127440703218,0.922291242090654
inherits,2.0.4,2019,0.9890755159624925,0.8515891702153487
argparse,2.0.1,2020,0.9963039169079091,0.7483480610914793
signal-exit,4.1.0,2023,0.9732066151522021,0.8957122274371736
mime,4.0.4,2024,0.9941290260318089,0.9550503857191934
micromatch,4.0.8,2024,0.9802655674895064,0.9181342743707646
eslint-plugin-import,2.31.0,2024,0.9835473736474971,0.9626468907891391
fast-glob,3.3.2,2023,0.9901852876657883,0.9126326857336928
path-to-regexp,8.2.0,2024,0.9925308635794785,0.983674927295404
dayjs,1.11.13,2024,0.9766604981848742,0.7987846950912594
json5,2.2.3,2022,0.9420255900197791,0.9384349068743904
jsonwebtoken,9.0.2,2023,0.9823235238651787,0.9212639794944308
glob-parent,6.0.2,2021,0.983123200821,0.9532580121658127
https-proxy-agent,7.0.5,2024,0.979126907463731,0.6909295633170217
next,14.2.15,2024,0.934845015053229,0.9364656723018113
string_decoder,1.3.0,2019,0.9664087094506509,0.41938552722877015
diff,7.0.0,2024,0.966778491736062,0.6883007291397614
graceful-fs,4.2.11,2023,0.9630366965619571,0.9563579876866659
isarray,2.0.5,2019,0.9593655827472065,0.9254348785870582
@babel/preset-env,7.25.7,2024,0.8489214067528471,0.9364242738578548
events,3.3.0,2021,0.9723130336144732,0.39355188692721343
@babel/types,7.25.7,2024,0.9642822610373237,0.8767161765872102
regenerator-runtime,0.14.1,2023,0.9657200032272106,0.9191805400417047
yargs-parser,21.1.1,2022,0.9682282118341372,0.9492260977888223
eslint-plugin-react,7.37.1,2024,0.9879511238871984,0.985997438267568
@babel/parser,7.25.7,2024,0.8832705474573639,0.882891770233929
ts-node,10.9.2,2023,0.9555835337897746,0.8755361732153133
json-schema-traverse,1.0.0,2020,0.9680864816414202,0.9823029720392885
acorn-walk,8.3.4,2024,0.9635108707330453,0.8606460313859664
eventemitter3,5.0.1,2023,0.9931963759103493,0.8996839937930957
esbuild,0.24.0,2024,0.9873982851431067,0.6934002389643683
clsx,2.1.1,2024,0.967975032187465,0.7844183319284681
fast-deep-equal,3.1.3,2020,0.9726148741715124,0.9488584694688893
picomatch,4.0.2,2024,0.9374336698472066,0.9340465871171861
estraverse,5.3.0,2021,0.9931302857205768,0.5699267812835209
ejs,3.1.10,2024,0.9662728599629993,0.6746599146404246
cosmiconfig,9.0.0,2023,0.9878613189709713,0.9304318707541649
rollup,4.24.0,2024,0.9672753528000406,0.8505526467464688
arg,5.0.2,2022,0.966104924828879,0.9427947779619743
ini,5.0.0,2024,0.9964508331125448,0.9388386669611811
cliui,8.0.1,2022,0.9648974763976819,0.9554019464531954
cookie,1.0.0,2024,0.9980651514675503,0.855547288532441
sprintf-js,1.1.3,2023,0.9797381338344611,0.9585835931571944
jsonfile,6.1.0,2020,0.9833460323307076,0.9678208522686232
punycode,2.3.1,2023,0.974881414006449,0.9406293663076417
once,1.4.0,2016,0.9579012068571569,0.9654660105124854
date-fns,4.1.0,2024,0.9759772638072491,0.5710767467048697
isexe,3.1.1,2023,0.9448948319532554,0.7991466473111041
zod,3.23.8,2024,0.9810121780749823,0.7028992561141836
function-bind,1.1.2,2023,0.8914936594622048,0.908367848722368
convert-source-map,2.0.0,2022,0.9851495050428402,0.9329866536410004
@testing-library/jest-dom,6.5.0,2024,0.9922334901041397,0.9280148104408844
braces,3.0.3,2024,0.967825037679136,0.9047244398224759
minipass,7.1.2,2024,0.9905468595138731,0.889647220542012
pretty-format,29.7.0,2023,0.9798534472045495,0.9518947103310844
@babel/traverse,7.25.7,2024,0.8853006601070659,0.9310626387502974
tmp,0.2.3,2024,0.9852025376787223,0.8806035750542563
eslint-scope,8.1.0,2024,0.9585886074926315,0.8515779339657616
@babel/generator,7.25.7,2024,0.9831113357662585,0.970957866453706
reflect-metadata,0.2.2,2024,0.9945039548915049,0.5312398156030607
jquery,3.7.1,2023,0.9366745182738309,0.8908142628232159
prompts,2.4.2,2021,0.9958253177073735,0.7940765017027491
xml2js,0.6.2,2023,0.9867925902006075,0.8732356821816856
classnames,2.5.1,2023,0.9997238724612756,0.8932285544755921
scheduler,0.23.2,2024,0.9912896392522474,0.8990904929964167
eslint-visitor-keys,4.1.0,2024,0.9597100932875757,0.8308342628448546
vue,3.5.11,2024,0.9725744284148714,0.8826083604759366
caniuse-lite,1.0.30001667,2024,0.9685461134798045,0.8459161427604978
babel-jest,29.7.0,2023,0.9874399542059834,0.848698653314985
autoprefixer,10.4.20,2024,0.9801994477740424,0.9218551076240619
deepmerge,4.3.1,2023,0.9730401293086661,0.9598529795524766
is-glob,4.0.3,2021,0.9605801154117897,0.9165434830311373
jsesc,3.0.2,2020,0.990080134368829,0.9321245343242215
doctrine,3.0.0,2018,0.9490634698383669,0.9194935380037382
clone,2.1.2,2018,0.8202289726368358,0.8946390335235352
escalade,3.2.0,2024,0.9567842682187998,0.8787231402994513
wrappy,1.0.2,2016,0.9641095085699077,0.946058567144126
call-bind,1.0.7,2024,0.9905864460863973,0.9760239791441951
whatwg-url,14.0.0,2023,0.9682715691570205,0.9535019829322349
chai,5.1.1,2024,0.9207708003950321,0.8232544156871389
cors,2.8.5,2018,0.9671247584587073,0.9674284765033889
is-extglob,2.1.1,2016,0.9437376267084991,0.8746352881070567
esprima,4.0.1,2018,0.9613615522545289,0.8415742056647394
base64-js,1.5.1,2020,0.949129344950859,0.952119074810762
loose-envify,1.4.0,2018,0.9633759421968826,0.8913261162317826
normalize-path,3.0.0,2018,0.975853431202981,0.886103888125348
jest,29.7.0,2023,0.9465013737128187,0.846726569724486
concat-map,0.0.2,2022,0.9320863365507401,0.9179099168250592
fill-range,7.1.1,2024,0.9815865944605082,0.9066677858092939
@testing-library/user-event,14.5.2,2023,0.9932953199641127,0.9790049248922951
electron-to-chromium,1.5.35,2024,0.9668279601894607,0.9717061909114092
fs.realpath,1.0.0,2016,0.948004154177014,0.9393368034737444
jsdom,25.0.1,2024,0.9923847351188375,0.9908920836524325
graphql,16.9.0,2024,0.9741906211660712,0.6956769673645978
hasown,2.0.2,2024,0.984663658514896,0.9414100075481886
tr46,5.0.0,2023,0.9623430620708163,0.9833734064919889
get-intrinsic,1.2.4,2024,0.968318744607702,0.9466345628615779
node-addon-api,8.1.0,2024,0.9201581042813782,0.9639903356365014
has-symbols,1.0.3,2022,0.9998070769812901,0.9625453322751918
is-core-module,2.15.1,2024,0.9912042245643841,0.8784449050406885
immutable,4.3.7,2024,0.9709180679652287,0.5447418037683325
agent-base,7.1.1,2024,0.9669183003587022,0.727074404754915
human-signals,8.0.0,2024,0.9921437778601837,0.9485118989716997
y18n,5.0.8,2021,0.987108219523997,0.9632144182448446
espree,10.2.0,2024,0.9767206782569009,0.9503456240725623
entities,5.0.0,2024,0.990605844479772,0.9357198345078301
fast-json-stable-stringify,2.1.0,2019,0.9389764469106043,0.9222529031445496
has-property-descriptors,1.0.2,2024,0.9283107494594411,0.9020854545651045
path-parse,1.0.7,2021,0.9577136409497119,0.9389637896197844
magic-string,0.30.11,2024,0.9974238307906527,0.886032548762921
@testing-library/react,16.0.1,2024,0.9787499299108824,0.9012953062010166
eslint-plugin-jsx-a11y,6.10.0,2024,0.9217794597482365,0.8927058962788981
readdirp,4.0.2,2024,0.9840964467501223,0.9459895765725961
require-directory,2.1.1,2015,0.9676769525205879,0.9636433194238767
http-proxy-agent,7.0.2,2024,0.9701339187567901,0.6739012618181859
write-file-atomic,6.0.0,2024,0.9801609802814069,0.9589795126489865
extend,3.0.2,2018,0.9497329123609844,0.9605450823646833
util-deprecate,1.0.2,2015,0.9584895571412998,0.864290349365905
imurmurhash,0.1.4,2013,0.9110622229843541,0.7771480918276611
redux,5.0.1,2023,0.9859545719320744,0.9337393647215725
flatted,3.3.1,2024,0.9538179150064401,0.9347588000913856
has-proto,1.0.3,2024,0.9836254669475568,0.901627700941829
is-plain-object,5.0.0,2020,0.9663826502698851,0.9013171732749242
follow-redirects,1.15.9,2024,0.9762114495088019,0.9672857431107994
esutils,2.0.3,2019,0.976988720747584,0.6598620983983501
sass,1.79.4,2024,0.9731115247676874,0.9661220561526224
make-error,1.3.6,2020,0.9928860845863234,0.9739016325083096
tar,7.4.3,2024,0.9794049946621616,0.6638555758503853
big.js,6.2.2,2024,0.9638313695064925,0.7404511885464813
to-regex-range,5.0.1,2019,0.9566091689213333,0.9106006272837179
merge2,1.4.1,2020,0.9700077697469776,0.9513781202801035
uri-js,4.4.1,2021,0.9887736852768259,0.940702060728978
handlebars,4.7.8,2023,0.9683076675592196,0.9444189861959
cheerio,1.0.0,2024,0.978016951238805,0.864629166500287
define-data-property,1.1.4,2024,0.9814337551285597,0.9299865157307047
object-inspect,1.13.2,2024,0.9729966832317541,0.877120297280745
safer-buffer,2.1.2,2018,0.8426933257339865,0.9432451363580313
set-function-length,1.2.2,2024,0.9880462467024993,0.9577830150558724
run-parallel,1.2.0,2021,0.9932594318521981,0.9624278886116702
lodash-es,4.17.21,2021,0.9584890051320284,0.8805046581644821
jest-worker,29.7.0,2023,0.9784587053192935,0.94512123898119
gopd,1.0.1,2022,0.9463401754538602,0.9066437552371931
ci-info,4.0.0,2023,0.9005044607335301,0.9535470398957843
parse5,7.1.2,2022,0.9777763076147472,0.9380266712319614
htmlparser2,9.1.0,2024,0.9887334036115559,0.789274591868326
text-table,0.2.0,2013,0.9553948485021877,0.9269764627684611
file-entry-cache,10.0.0,2024,0.9862486512470277,0.7287476084602937
xtend,4.0.2,2019,0.9849240249735305,0.9184780327557244
tiny-invariant,1.3.3,2024,0.9464778859061393,0.9380676641245702
reusify,1.0.4,2018,0.9197216739766091,0.9141428721993294
kleur,4.1.5,2022,0.9699828726821317,0.8637022602035687
object.assign,4.1.5,2023,0.9748406694223423,0.9439960377905715
es-errors,1.3.0,2024,0.9692896669124401,0.8544874387798046
fastq,1.17.1,2024,0.9849119465813184,0.9428365097443119
fast-levenshtein,3.0.0,2020,0.9488220079810351,0.9543283346520568
eslint-plugin-prettier,5.2.1,2024,0.9725946289328489,0.870380722652051
webidl-conversions,7.0.0,2021,0.9533397875868733,0.9563073523122438
flat-cache,6.1.0,2024,0.9833514584765433,0.7402186331969611
json-parse-even-better-errors,4.0.0,2024,0.9916997751608623,0.9050895696314324
tsconfig-paths,4.2.0,2023,0.9712614319982371,0.8601429371365124
keyv,5.1.0,2024,0.9762186338285611,0.879858571384765
ieee754,1.2.1,2020,0.9429176495036382,0.9641315018959182
tough-cookie,5.0.0,2024,0.9859835469594116,0.8774142090794588
side-channel,1.0.6,2024,0.9520680421431685,0.9396425525813272
esrecurse,4.3.0,2020,0.988788936522035,0.5946842797954435
es-define-property,1.0.0,2024,0.9339730414607494,0.9392129720981177
queue-microtask,1.2.3,2021,0.9610148568172473,0.9111210587247266
esquery,1.6.0,2024,0.940804403418235,0.8408713865431133
supports-preserve-symlinks-flag,1.0.0,2022,0.9791670215662037,0.8882727575775797
istanbul-lib-instrument,6.0.3,2024,0.9652123245012956,0.9593829635325355
create-require,1.1.1,2020,0.9845258096124387,0.9338492900238343
@babel/code-frame,7.25.7,2024,0.9903003676959032,0.8969968430766101
webpack-dev-server,5.1.0,2024,0.9896477957188263,0.8243773036519626
natural-compare,1.4.0,2016,0.9881864527879312,0.9042474325817815
moment,2.30.1,2023,0.9892818195089973,0.89628402564687
through,2.3.8,2015,0.9938189080826898,0.9210014087282813
react-router-dom,6.26.2,2024,0.9925786394376693,0.7201739869017671
@babel/preset-react,7.25.7,2024,0.9999999949304378,0.9700609242315563
word-wrap,1.2.5,2023,0.9569330712873105,0.9554929440292603
lines-and-columns,2.0.4,2023,0.9803095727551687,0.9347652260417206
vite,5.4.8,2024,0.9853423975691492,0.8821367457609525
combined-stream,1.0.8,2019,0.9767598420241212,0.9614957379451269
source-map-js,1.2.1,2024,0.9734655523158033,0.7711139423618368
@aws-sdk/types,3.664.0,2024,0.9463060723495076,0.9275351492165473
sass-loader,16.0.2,2024,0.9863710551949151,0.9039039658651715
retry,0.13.1,2021,0.9715516511152857,0.8532689813110348
get-caller-file,2.0.5,2019,0.9882038084926548,0.9347349351489231
object-keys,1.1.1,2019,0.9644967470422656,0.9604006628858016
@babel/template,7.25.7,2024,0.975098344451411,0.9227306036434006
bignumber.js,9.1.2,2023,0.9730657397643402,0.7629626788592841
bl,6.0.16,2024,0.9988075128684202,0.9775486718555343
ramda,0.30.1,2024,0.9827514435360605,0.8152440234576782
deep-is,0.1.4,2021,0.9566168871967696,0.9349674549723141
has-tostringtag,1.0.2,2024,0.9798197018861609,0.9569632098225571
hosted-git-info,8.0.0,2024,0.9771639099629155,0.9908442472818777
enhanced-resolve,5.17.1,2024,0.974822358928371,0.8410583388047981
json-stable-stringify-without-jsonify,1.0.1,2016,0.9714103043049213,0.9645899762163187
postcss-selector-parser,6.1.2,2024,0.9925664221585362,0.8771096814038564
v8-compile-cache-lib,3.0.1,2022,0.9822591639833862,0.9907005280590846
deep-equal,2.2.3,2023,0.8121250807163085,0.9587111963925613
es-abstract,1.23.3,2024,0.8802757953465277,0.9437942035965438
process,0.11.10,2017,0.9752673241318879,0.8212039636231345
dedent,1.5.3,2024,0.9674638846453183,0.9517324652942301
colorette,2.0.20,2023,0.9624682615236261,0.9551413193894276
joi,17.13.3,2024,0.9282397492594272,0.9531124415562373
asynckit,0.4.0,2016,0.9740538991455757,0.9499508531078711
@babel/preset-typescript,7.25.7,2024,0.9965666119871066,0.9643853968972175
@smithy/types,3.5.0,2024,0.94021633285966,0.9586546932031785
@babel/helper-plugin-utils,7.25.7,2024,0.9765242008645185,0.9664858688974458
is-negative-zero,2.0.3,2024,0.9544662668614802,0.8689194235123656
@babel/plugin-transform-runtime,7.25.7,2024,0.9774003399105403,0.968932287903279
tailwindcss,3.4.13,2024,0.9717984168308837,0.9276015054507476
validator,13.12.0,2024,0.9827965688477794,0.7467191848010787
string.prototype.trimend,1.0.8,2024,0.972148522030015,0.942369866828099
fast-xml-parser,4.5.0,2024,0.9818751078852054,0.9914600186354701
jsbn,1.1.0,2017,0.9013391682552074,0.9115788131730137
is-shared-array-buffer,1.0.3,2024,0.9537782373065463,0.9588655895127417
dotenv-expand,11.0.6,2024,0.9779619787703857,0.8628973402454596
crypto-js,4.2.0,2023,0.8514445321493309,0.8471714470952993
setprototypeof,1.2.0,2019,0.9568186607261799,0.9698334180995559
xmlbuilder,15.1.1,2020,0.9879301034079941,0.9036299944263707
marked,14.1.2,2024,0.9735986882687037,0.8336327387919323
protobufjs,7.4.0,2024,0.9628757232034766,0.8846047308115046
shelljs,0.8.5,2022,0.9916969835257168,0.902944021737579
ajv-formats,3.0.1,2024,0.9702128769434144,0.976089513065541
nopt,8.0.0,2024,0.9851608568759898,0.9039566245588174
is-callable,1.2.7,2022,0.9719904899538104,0.9631977754316308
gensync,1.0.0-beta.2,2020,0.9738884019387888,0.9155446985782333
@smithy/util-utf8,3.0.0,2024,0.98438962709955,0.7945452512270793
@emotion/react,11.13.3,2024,0.9750643772378282,0.9649068407386849
url-parse,1.5.10,2022,0.960389389424699,0.8845059239179422
internal-slot,1.0.7,2024,0.9679747464683564,0.9452953378638858
randombytes,2.1.0,2019,0.9811325092064697,0.8512766638339249
normalize-package-data,7.0.0,2024,0.9961816452588451,0.9514494210371135
@babel/helper-module-imports,7.25.7,2024,0.9551527416146044,0.977720357780563
available-typed-arrays,1.0.7,2024,0.9787684492647643,0.9121893912799142
which-typed-array,1.1.15,2024,0.9721571773737645,0.9518458928091396
process-nextick-args,2.0.1,2019,0.9688364895471061,0.9135812521364113
foreground-child,3.3.0,2024,0.9822885504095504,0.9225136745206881
bluebird,3.7.2,2019,0.9920644173826315,0.8892730262867368
react-redux,9.1.2,2024,0.9415331699540581,0.8614929230026289
domutils,3.1.0,2023,0.9600267459749947,0.8549809136107973
is-regex,1.1.4,2021,0.9822341760091609,0.9579591815493987
node-gyp-build,4.8.2,2024,0.9447622730904566,0.931103882958128
lru-cache,11.0.1,2024,0.9639360759819632,0.9580114263184814
get-symbol-description,1.0.2,2024,0.9775465912703454,0.9521061379613247
@sinclair/typebox,0.33.15,2024,0.9618681859367849,0.7640236715854667
cross-fetch,4.0.0,2023,0.960822503224319,0.9457522245193268
cli-width,4.1.0,2023,0.9653049938796531,0.97995383839276
delayed-stream,1.0.0,2015,0.9922909975703149,0.9769022925573185
object.values,1.2.0,2024,0.9679935872540747,0.9698635996682647
dom-serializer,2.0.0,2022,0.9865799200987175,0.8264884470313736
mute-stream,2.0.0,2024,0.9816879199558108,0.950673593917079
for-each,0.3.3,2018,0.9630624809798426,0.9326752325524107
is-typed-array,1.1.13,2024,0.9250086900732034,0.9583308523196383
istanbul-lib-coverage,3.2.2,2023,0.9828848541420776,0.8719438910234372
type-detect,4.1.0,2024,0.9811298653827202,0.9490452877403088
webpack-sources,3.2.3,2022,0.9860749486827247,0.899830112103156
util,0.12.5,2022,0.9415015532746722,0.45781208077317564
is-string,1.0.7,2021,0.915357958552735,0.9814105818528089
object-hash,3.0.0,2022,0.9751321929770151,0.9237832570513337
is-bigint,1.0.4,2021,0.9735399847378734,0.9599580167799591
jackspeak,4.0.2,2024,0.9902784170230874,0.8850054110830241
ajv-keywords,5.1.0,2021,0.9902146959041334,0.9111161173222615
@emotion/styled,11.13.0,2024,0.9711890978925137,0.9092491457962011
is-array-buffer,3.0.4,2024,0.9400810777115873,0.9297563344429589
diff-sequences,29.6.3,2023,0.9397623488312455,0.7732696577222782
jest-diff,29.7.0,2023,0.9837905841594303,0.8682491776802832
has-bigints,1.0.2,2022,0.9551854490257993,0.9212429451914997
@eslint/js,9.12.0,2024,0.9561033019593378,0.9055770609054155
long,5.2.3,2023,0.9780272863930768,0.799687776583367
es-to-primitive,1.2.1,2019,0.9601609784350165,0.9467116811447378
regexp.prototype.flags,1.5.3,2024,0.9563848656383793,0.930289002411585
expect,29.7.0,2023,0.9704545002241801,0.8623290976426086
proxy-from-env,1.1.0,2020,0.9725602755576248,0.9781998878228576
abort-controller,3.0.0,2019,0.9904650023153437,0.9224441635316651
@babel/plugin-syntax-jsx,7.25.7,2024,0.9675212722233978,0.9544712415404042
mongodb,6.9.0,2024,0.9888971644066533,0.5658396411915668
is-symbol,1.0.4,2021,0.9390767697858795,0.92680063919975
string.prototype.trimstart,1.0.8,2024,0.9701277366685016,0.9417103732878962
which-boxed-primitive,1.0.2,2020,0.9754844665849056,0.944163519738563
cookie-signature,1.2.1,2023,0.9750814837687566,0.948491662726681
pirates,4.0.6,2023,0.946437082360296,0.9168774123279113
path-scurry,2.0.0,2024,0.9825623230325381,0.7367555218186547
npm,10.9.0,2024,0.9567519998666283,0.9136461179834531
domhandler,5.0.3,2022,0.9770517185660162,0.9000007648261068
end-of-stream,1.4.4,2019,0.9789113957950082,0.9546133187885599
safe-regex-test,1.0.3,2024,0.802042614240422,0.9639707004144333
tapable,2.2.1,2021,0.9999839620571445,0.8835133263244523
eastasianwidth,0.3.0,2024,0.8832403618228727,0.9449447413810427
string.prototype.trim,1.2.9,2024,0.9177805171015379,0.9568757959766002
lilconfig,3.1.2,2024,0.958974099186676,0.9394730515681724
url,0.11.4,2024,0.9999999804115847,0.45985765761952757
superagent,10.1.0,2024,0.9463588215382637,0.9670040919523042
es-set-tostringtag,2.0.3,2024,0.9683856286401484,0.9505230420268707
is-weakref,1.0.2,2021,0.9493099850936518,0.963221999300529
globalthis,1.0.4,2024,0.9658022572653183,0.9604615909356917
functions-have-names,1.2.3,2022,0.9791920687721201,0.95356163860624
decimal.js,10.4.3,2022,0.99331347246855,0.7608040140160328
webpack-merge,6.0.1,2024,0.9874236293555123,0.8323501399180648
sax,1.4.1,2024,0.9704306245935933,0.8169037272537149
array-buffer-byte-length,1.0.1,2024,0.9757017947225546,0.9532524617946951
unbox-primitive,1.0.2,2022,0.9157922919857343,0.9078759159617986
is-boolean-object,1.1.2,2021,0.9601179770606865,0.962624676892832
jest-matcher-utils,29.7.0,2023,0.946952721637288,0.8387816991997626
is-number-object,1.0.7,2022,0.9437150855563231,0.9550711637382527
typed-array-length,1.0.6,2024,0.9590753776810289,0.8892142161197607
function.prototype.name,1.1.6,2023,0.9738959443887082,0.9597838365203476
is-date-object,1.0.5,2021,0.9654428837060485,0.9625628188945814
pluralize,8.0.0,2019,0.9722298443852031,0.9027017539357078
http-proxy-middleware,3.0.3,2024,0.9785961853702124,0.7338373047154063
possible-typed-array-names,1.0.0,2024,0.9625496422743657,0.8367990223418561
istanbul-lib-source-maps,5.0.6,2024,0.9473440864769365,0.7964959471916162
@babel/plugin-transform-modules-commonjs,7.25.7,2024,0.9890563783472964,0.9591080799906416
aria-query,5.3.2,2024,0.9803944636345534,0.8611145364836489
promise,8.3.0,2022,0.99739522924505,0.8281054981364218
@babel/plugin-syntax-dynamic-import,7.8.3,2020,0.9958116703646669,0.8916735588480538
set-function-name,2.0.2,2024,0.9872168866638004,0.957760946541935
split2,4.2.0,2023,0.9572000406391123,0.45021647970474454
safe-array-concat,1.1.2,2024,0.9759041354544897,0.8935472253869143
css-tree,3.0.0,2024,0.9556570980552908,0.9244578010045833
object.fromentries,2.0.8,2024,0.9342650067372703,0.9441178901206668
typed-array-byte-length,1.0.1,2024,0.9388766648052569,0.924667701862512
typed-array-byte-offset,1.0.2,2024,0.9595907566827504,0.9157137262615446
html-escaper,3.0.3,2021,0.9151846446320075,0.5721348643319593
html-entities,2.5.2,2024,0.9669356130734006,0.8414720091529944
array-includes,3.1.8,2024,0.9618760115391237,0.9661945772469556
merge-descriptors,2.0.0,2023,0.969820466485254,0.9489600631367351
define-properties,1.2.1,2023,0.9921645712845816,0.965491433845864
regjsparser,0.11.1,2024,0.9872150850349629,0.5653921009709666
graphemer,1.4.0,2022,0.8405807206841945,0.9363365039187107
he,1.2.0,2018,0.9756526463615878,0.9161377635750326
immer,10.1.1,2024,0.9748661172200668,0.9046312529560463
cjs-module-lexer,1.4.1,2024,0.9789053275118509,0.9774661754212408
chownr,3.0.0,2024,0.9349850403376846,0.8808097787844124
undici,6.20.0,2024,0.9889773838476164,0.901009956002383
neo-async,2.6.2,2020,0.9775462503412167,0.9137432429415632
istanbul-reports,3.1.7,2024,0.9582859501716868,0.8933245565445599
css-select,5.1.0,2022,0.9733804740188569,0.8387979603256577
hoist-non-react-statics,3.3.2,2020,0.9529354151315961,0.9476381511572153
typed-array-buffer,1.0.2,2024,0.9669960023434909,0.9704290876531867
es-shim-unscopables,1.0.2,2023,0.9937764659223077,0.9374117299596372
tar-stream,3.1.7,2024,0.97821288101374,0.8815720752618073
arraybuffer.prototype.slice,1.0.3,2024,0.9362043427286433,0.927371621793682
run-async,3.0.0,2023,0.9700301551156891,0.9493894520434947
jest-cli,29.7.0,2023,0.9478014023831447,0.780229590648533
enquirer,2.4.1,2023,0.9930117546161175,0.922923554121376
less,4.2.0,2023,0.9561688507680146,0.8944674137096714
react-router,6.26.2,2024,0.8876707446821969,0.7176397737619052
mini-css-extract-plugin,2.9.1,2024,0.9840220352529873,0.8864594895884181
serialize-javascript,6.0.2,2024,0.9575914386573503,0.9036785918341227
jest-mock,29.7.0,2023,0.9843775913383431,0.8541128619941645
consola,3.2.3,2023,0.9668871900397509,0.9221783729887941
core-js-compat,3.38.1,2024,0.952695097014739,0.9680988214597519
test-exclude,7.0.1,2024,0.9758118678694899,0.9736806986291058
shell-quote,1.8.1,2023,0.9773488897616871,0.8646748509891207
archiver,7.0.1,2024,0.9758755119004547,0.9258343423760381
through2,4.0.2,2020,0.974036209042424,0.9561467584721056
react-refresh,0.14.2,2024,0.9796026301789406,0.8708378570365545
object.entries,1.1.8,2024,0.9450635235457914,0.9432933801863647
socket.io,4.8.0,2024,0.9612120004545348,0.7324685063987834
colors,1.4.0,2019,0.9535057060976979,0.910087544224687
ts-jest,29.2.5,2024,0.943734027708161,0.7520387974741158
jszip,3.10.1,2022,0.9497568924160092,0.9566942686867387
is-generator-function,1.0.10,2021,0.980331428460656,0.95582944174144
watchpack,2.4.2,2024,0.9889310284895365,0.9584560196721968
pino,9.4.0,2024,0.9773288538922577,0.991688029059271
vue-router,4.4.5,2024,0.9588123963323181,0.8735336994899463
sisteransi,1.0.5,2020,0.9677206535890377,0.9499103033452213
istanbul-lib-report,3.0.1,2023,0.9812842372265808,0.9012307803741745
@smithy/protocol-http,4.1.4,2024,0.9909590618303994,0.9426003323201457
@aws-sdk/client-sts,3.668.0,2024,0.9518574791780511,0.8572037943377669
jest-docblock,29.7.0,2023,0.9705751177785067,0.8928733864862667
es-module-lexer,1.5.4,2024,0.9813224128774461,0.9110098483497476
jest-validate,29.7.0,2023,0.943821867990602,0.7450603865930616
requires-port,1.0.0,2015,0.8387217721759286,0.9521150654726773
jest-circus,29.7.0,2023,0.9956670098869964,0.8776366503109664
eslint-plugin-jest,28.8.3,2024,0.9845280076699999,0.9380159277820019
luxon,3.5.0,2024,0.9781409546806201,0.9032920065299155
babel-plugin-istanbul,7.0.0,2024,0.9725089867448777,0.901882977659805
exit,0.1.2,2013,0.9433313872628398,0.8927161689251963
regenerator-transform,0.15.2,2023,0.9741308629175929,0.847514077523376
cross-env,7.0.3,2020,0.9792347352040593,0.9254664761754966
@radix-ui/react-slot,1.1.0,2024,0.9742831279102917,0.9216541940922955
highlight.js,11.10.0,2024,0.9824486219879383,0.798148307855311
regenerate,1.4.2,2020,0.985940484797427,0.8255034588181901
@aws-crypto/sha256-js,5.2.0,2023,0.9706826357759557,0.8426151329718927
whatwg-mimetype,4.0.0,2023,0.9975417603222444,0.9875831095513727
babel-preset-jest,29.6.3,2023,0.9825230214875083,0.8290163283508104
loader-utils,3.3.1,2024,0.9597276401448286,0.8967079240654126
eslint-import-resolver-node,0.3.9,2023,0.9363908035289841,0.9822000544616271
svgo,3.3.2,2024,0.9717980883793926,0.9620234270686587
babel-plugin-polyfill-regenerator,0.6.2,2024,0.9207784067861524,0.9583610386091338
http-proxy,1.18.1,2020,0.9847359912970444,0.6108977431516744
jest-util,29.7.0,2023,0.9928873261735078,0.7561892379871169
@jridgewell/trace-mapping,0.3.25,2024,0.9777928572238075,0.9553279400380451
webpack-cli,5.1.4,2023,0.9670816349585195,0.8877451660379482
get-package-type,0.1.0,2020,0.9570736932786963,0.9465907798842028
css-loader,7.1.2,2024,0.9626749520081546,0.9271194742113636
babel-plugin-jest-hoist,29.6.3,2023,0.9556777124422722,0.903106811580106
fs-minipass,3.0.3,2023,0.9653384626193893,0.923393558399168
babel-loader,9.2.1,2024,0.9754581678364922,0.9776810148565973
md5,2.3.0,2020,0.9781887005886842,0.9594207883228055
socks-proxy-agent,8.0.4,2024,0.9854833024441312,0.7046212023812437
external-editor,3.1.0,2019,0.9852639170431234,0.9612701387997249
fb-watchman,2.0.2,2022,0.9604031446533376,0.8537965489150472
wcwidth,1.0.1,2016,0.9484808853539937,0.8266098057742813
array.prototype.flat,1.3.2,2023,0.9818717907430036,0.9682225689396358
concat-stream,2.0.0,2018,0.9572101858223305,0.9828705399915059
whatwg-encoding,3.1.1,2023,0.9396491606175963,0.9507745062458557
jsonc-parser,3.3.1,2024,0.9694636404438866,0.9368251937513291
jest-each,29.7.0,2023,0.979915228488986,0.9421484075930264
es-object-atoms,1.0.0,2024,0.9832555350159186,0.864531035414506
@eslint/eslintrc,3.1.0,2024,0.9549185586228668,0.9335348852247447
jest-changed-files,29.7.0,2023,0.9925150847070106,0.9270230484523705
@babel/plugin-syntax-import-meta,7.10.4,2020,0.9675424887858766,0.8993590820180866
cli-table3,0.6.5,2024,0.9345460919204025,0.8627190941970856
@aws-sdk/credential-provider-node,3.668.0,2024,0.9460154804388324,0.9007423658638941
jest-leak-detector,29.7.0,2023,0.9736414976733617,0.8949321640669279
jiti,2.3.3,2024,0.9860201725261181,0.9721605681278058
ansi-colors,4.1.3,2022,0.9448085070276907,0.8850484605200516
underscore,1.13.7,2024,0.9680208483638085,0.8962691181101602
moment-timezone,0.5.46,2024,0.948619662856252,0.9132771626313533
array.prototype.flatmap,1.3.2,2023,0.9578281135454718,0.9632228502475395
domelementtype,2.3.0,2022,0.9583840708058687,0.9747313869107241
is-data-view,1.0.1,2024,0.9601456456517703,0.9542865461393641
sharp,0.33.5,2024,0.9257187294668063,0.9099913600538249
whatwg-fetch,3.6.20,2023,0.9825445780927956,0.9751637676201862
dateformat,5.0.3,2022,0.9740080213677282,0.9169774832945318
regexpu-core,6.1.1,2024,0.9722881985461329,0.9566049089542734
ipaddr.js,2.2.0,2024,0.991894131035981,0.8539712086335952
unicode-property-aliases-ecmascript,2.1.0,2022,0.9914488887065603,0.8076528066794104
escodegen,2.1.0,2023,0.9849893696865227,0.38341025572476967
@rollup/pluginutils,5.1.2,2024,0.959882155198698,0.9614824690691665
xml-name-validator,5.0.0,2023,0.9027957088531902,0.7866211731773551
@aws-crypto/sha256-browser,5.2.0,2023,0.9285484015063599,0.8946614617862554
abbrev,3.0.0,2024,0.9535172318828332,0.9410022138484354
resolve.exports,2.0.2,2023,0.972484777063632,0.7850375879707644
mongoose,8.7.1,2024,0.9829158299571958,0.8822363323874742
babel-preset-current-node-syntax,1.1.0,2024,0.979144558202154,0.9149402532497829
glob-to-regexp,0.4.1,2019,0.9452886262048213,0.8581288130133158
nodemon,3.1.7,2024,0.9827105095082533,0.9493163062673619
querystringify,2.2.0,2020,0.9768797944714213,0.9776663976080757
babel-plugin-polyfill-corejs2,0.4.11,2024,0.9393838606327791,0.9515846391589619
data-view-byte-offset,1.0.0,2024,0.9676216436167511,0.9660493593289826
@smithy/util-retry,3.0.7,2024,0.9583150767682928,0.9257268604501568
nth-check,2.1.1,2022,0.9371355478036145,0.9353290871086757
walker,1.0.8,2021,0.9581418717370578,0.9211772015984581
makeerror,1.0.12,2021,0.982113525401734,0.9562515601132278
event-target-shim,6.0.2,2021,0.9957478113815846,0.949543908052439
data-view-buffer,1.0.1,2024,0.9828025506876221,0.9635694178636544
data-view-byte-length,1.0.1,2024,0.9722194427337484,0.9311630673139064
@aws-sdk/middleware-user-agent,3.668.0,2024,0.9905237486128194,0.8776506375706183
is-set,2.0.3,2024,0.9717557270580259,0.9514772593327534
postcss-load-config,6.0.1,2024,0.9711392316344413,0.949882367248328
es6-promise,4.2.8,2019,0.9368142595888044,0.7788747854770479
@opentelemetry/semantic-conventions,1.27.0,2024,0.9933130754987199,0.91553788619239
is-map,2.0.3,2024,0.9570672413632836,0.9252211905234731
i18next,23.15.2,2024,0.967883496366285,0.9617767294629009
chardet,2.0.0,2023,0.8872488043929456,0.6668849075124119
cssesc,3.0.0,2019,0.9844153892768001,0.919350427836008
mdn-data,2.11.1,2024,0.9967060892462551,0.9272627246974663
html-encoding-sniffer,4.0.0,2023,0.9856575076234313,0.9636801153410222
cssstyle,4.1.0,2024,0.9848546674256725,0.8823037449483855
rc,1.2.8,2018,0.9962864551772299,0.9240204678850013
path,0.12.7,2015,0.9085154219532806,0.43598888195305446
tar-fs,3.0.6,2024,0.979336609798833,0.9627332196197835
node-int64,0.4.0,2015,0.9882053342000067,0.8767378367146663
collect-v8-coverage,1.0.2,2023,0.9537240414144049,0.9686197045427124
url-join,5.0.0,2022,0.95003650910924,0.9313250055993914
@mui/material,6.1.3,2024,0.9419591251454396,0.8502121172629062
@smithy/node-config-provider,3.1.8,2024,0.9838886083591369,0.9360013615695184
deep-extend,0.6.0,2018,0.9451323801176333,0.47476732336264515
json-stringify-safe,5.0.1,2015,0.9790213068784307,0.9570009479367902
@aws-sdk/client-sso-oidc,3.668.0,2024,0.9457078605420668,0.8604690284575385
string.prototype.matchall,4.0.11,2024,0.9793576515057005,0.9260085796653932
@aws-sdk/core,3.666.0,2024,0.9656948527256499,0.8769527821101811
tmpl,1.0.5,2021,0.977832481757953,0.9180729611969813
@aws-sdk/util-endpoints,3.664.0,2024,0.963069186986031,0.9039363851130426
clone-deep,4.0.1,2018,0.9775915598360507,0.941587706283962
polished,4.3.1,2024,0.9577469288035994,0.9598531122492813
any-promise,1.3.0,2016,0.9695561752374717,0.7940934571880658
unicode-canonical-property-names-ecmascript,2.0.1,2024,0.9332650244125742,0.7740785513021691
image-size,1.1.1,2024,0.9797233060714732,0.9374569100704644
jwt-decode,4.0.0,2023,0.9654726340564793,0.9760168285845661
@smithy/smithy-client,3.4.0,2024,0.9903058405583536,0.9235942563477431
socket.io-client,4.8.0,2024,0.9753857041321479,0.9342746414076464
utils-merge,1.0.1,2017,0.9883701769171296,0.9705208046302771
@aws-sdk/util-user-agent-node,3.668.0,2024,0.978109370034064,0.8523216809597239
jose,5.9.3,2024,0.9888666998435021,0.8659686009440045
envinfo,7.14.0,2024,0.9704305228289312,0.68903445244529
jsx-ast-utils,3.3.5,2023,0.9782278285561009,0.8354134092869908
style-loader,4.0.0,2024,0.9860650065606493,0.8651649818648105
winston,3.15.0,2024,0.983480682890744,0.9079222950936954
@aws-sdk/middleware-host-header,3.664.0,2024,0.9833426530177685,0.7938742906879918
eslint-import-resolver-typescript,3.6.3,2024,0.9685600864063064,0.9593001002464634
@smithy/util-middleware,3.0.7,2024,0.9889228394229482,0.918755868352392
@babel/helper-validator-identifier,7.25.7,2024,0.9696094807655098,0.8256428019241806
node-gyp,10.2.0,2024,0.9814396054593764,0.9530841133880227
is-arguments,1.1.1,2021,0.9828422982852429,0.9467040056650611
@aws-sdk/util-user-agent-browser,3.664.0,2024,0.974823360551791,0.9383707355794323
change-case,5.4.4,2024,0.9943127177266218,0.9288636096359213
bser,2.1.1,2019,0.9859737077087214,0.9065022864359222
unicode-match-property-value-ecmascript,2.2.0,2024,0.9889057042696635,0.9578345354962751
chrome-trace-event,1.0.4,2024,0.9847097684023018,0.9094825762756027
socks,2.8.3,2024,0.9852248704498093,0.868665309584343
@aws-sdk/middleware-logger,3.664.0,2024,0.9950973995491824,0.8979027772644195
mitt,3.0.1,2023,0.9015406617932311,0.6641465812531577
@babel/plugin-transform-classes,7.25.7,2024,0.979945681229182,0.9122938070595241
@popperjs/core,2.11.8,2023,0.9889346435049096,0.9484472746017057
rfdc,1.4.1,2024,0.9679366944578743,0.9662557847744975
regenerate-unicode-properties,10.2.0,2024,0.9749015613181061,0.7076079786511581
@opentelemetry/api,1.9.0,2024,0.9635147019743545,0.7406208196258693
@floating-ui/dom,1.6.11,2024,0.9859225430275689,0.9409133077225267
is-weakset,2.0.3,2024,0.9626868598636903,0.8875614012208011
which-collection,1.0.2,2024,0.9168506678486875,0.8868088736897313
is-weakmap,2.0.2,2024,0.952497923361604,0.946075444620475
@smithy/fetch-http-handler,3.2.9,2024,0.991850589392888,0.938598693694071
@aws-sdk/middleware-recursion-detection,3.664.0,2024,0.9888105526294554,0.789050244827906
@jridgewell/sourcemap-codec,1.5.0,2024,0.974895160614883,0.9260819265315285
@grpc/grpc-js,1.12.2,2024,0.9870888506438067,0.7580965475263254
@babel/helper-compilation-targets,7.25.7,2024,0.8980724206149509,0.8903079768522675
invariant,2.2.4,2018,0.9781134112355032,0.8298409192489523
w3c-xmlserializer,5.0.0,2023,0.9879104821992851,0.9759348370534865
yallist,5.0.0,2024,0.9721099872177309,0.9763792698686116
asap,2.0.6,2017,0.9607967234009271,0.9409528693689677
data-urls,5.0.0,2023,0.9675149423249692,0.9710164532124756
@aws-sdk/region-config-resolver,3.664.0,2024,0.8455940490982023,0.8244476622245336
ua-parser-js,1.0.39,2024,0.9718919889745179,0.7099010500203479
@babel/plugin-transform-react-jsx,7.25.7,2024,0.9737752430434348,0.879804823586047
@nodelib/fs.walk,2.0.0,2023,0.9939458941225483,0.8637176026214325
@smithy/node-http-handler,3.2.4,2024,0.9629613147415284,0.8805050878986609
busboy,1.6.0,2022,0.9792227456257919,0.9442519380304267
object.groupby,1.0.3,2024,0.9796911538465229,0.9562937089559332
min-indent,1.0.1,2020,0.9768669769246416,0.8618557032072265
@babel/helpers,7.25.7,2024,0.9347924064517695,0.9474995529668527
array.prototype.findlastindex,1.2.5,2024,0.9858671868266158,0.9613706665280387
@smithy/url-parser,3.0.7,2024,0.9920884294117354,0.8785134027068631
@babel/plugin-transform-typescript,7.25.7,2024,0.9720488381223447,0.95926256749373
buffer-crc32,1.0.0,2024,0.9295148329032442,0.8527103142776455
ts-api-utils,1.3.0,2024,0.9698730459272746,0.939661334736759
@smithy/middleware-endpoint,3.1.4,2024,0.9638088997130877,0.9288433282011446
@babel/helper-module-transforms,7.25.7,2024,0.9548284211951846,0.8823125132880836
@smithy/middleware-retry,3.0.23,2024,0.9611053374219005,0.8955112068356917
ioredis,5.4.1,2024,0.9754426578301374,0.896172730149564
detect-libc,2.0.3,2024,0.9703548690910349,0.9561540138104219
loader-runner,4.3.0,2022,0.9923808110104329,0.9591679076797739
@smithy/middleware-stack,3.0.7,2024,0.9719693346088174,0.9312027665236804
babel-plugin-polyfill-corejs3,0.10.6,2024,0.9767142817986055,0.9535948382573376
@smithy/util-base64,3.0.0,2024,0.9848971032433167,0.9369577178417103
@babel/plugin-syntax-typescript,7.25.7,2024,0.9746214422311312,0.9661667517743473
nodemailer,6.9.15,2024,0.9622211133810159,0.9797483403136185
axobject-query,4.1.0,2024,0.9862999713434553,0.8876609517766556
react-hook-form,7.53.0,2024,0.9781074753310203,0.7891142892521852
@smithy/middleware-serde,3.0.7,2024,0.9835908615439919,0.928171256956914
yup,1.4.0,2024,0.9663890371089223,0.9693745797246365
google-auth-library,9.14.1,2024,0.9886657664460877,0.848942259615389
jws,4.0.0,2019,0.9892617370966612,0.9314746211576918
bn.js,5.2.1,2022,0.9338434192784058,0.9015315268540909
encoding,0.1.13,2020,0.9808617044202337,0.9734528292053437
path-browserify,1.0.1,2020,0.96441347919567,0.5002122400875567
boolbase,1.0.0,2014,0.9353963118046419,0.9073058365974814
pathe,1.1.2,2024,0.9851756797152935,0.8799299953599315
saxes,6.0.0,2021,0.962455978172809,0.9573783396826666
zone.js,0.15.0,2024,0.9792293459236021,0.8405470804740527
array.prototype.tosorted,1.1.4,2024,0.9660043946164172,0.9539674350333325
nwsapi,2.2.13,2024,0.972623257543883,0.8206450413500008
dequal,2.0.3,2022,0.934553756218674,0.7589345134354235
unicode-match-property-ecmascript,2.0.0,2021,0.9840125445269737,0.9648144962981077
resize-observer-polyfill,1.5.1,2018,0.9808153305762706,0.8673246016852388
minizlib,3.0.1,2024,0.978177506675066,0.8839184839426271
is-number,7.0.0,2018,0.9962320952746794,0.7333906700338582
@smithy/util-defaults-mode-browser,3.0.23,2024,0.9746063868354288,0.9264208962762507
@smithy/util-defaults-mode-node,3.0.23,2024,0.9376817050413405,0.7729292350727394
@babel/plugin-transform-destructuring,7.25.7,2024,0.9897606311070399,0.9676030529526887
listr2,8.2.5,2024,0.9883186360770456,0.7869971456211865
framer-motion,11.11.7,2024,0.9624001682299523,0.7610863864532025
figlet,1.8.0,2024,0.9398820711825293,0.9566143332048358
@smithy/core,2.4.8,2024,0.9605698900999899,0.929102215877255
smart-buffer,4.2.0,2021,0.9979597341864362,0.9525427358164147
redux-thunk,3.1.0,2023,0.9551876391021829,0.8780823367459043
ip-address,10.0.0,2024,0.9843624422927395,0.6763487782905154
ts-loader,9.5.1,2023,0.9857502883523286,0.9143701009835398
http-cache-semantics,4.1.1,2023,0.9887083116860913,0.8715622072589311
reselect,5.1.1,2024,0.9710176409576636,0.9502713265586263
webpack-dev-middleware,7.4.2,2024,0.9757316471362429,0.8676069260443897
shallow-clone,3.0.1,2019,0.9860852864343659,0.9727166558424234
terser-webpack-plugin,5.3.10,2023,0.9853251478871488,0.8852662875363368
@babel/highlight,7.25.7,2024,0.9653794248878791,0.9201480554591848
recast,0.23.9,2024,0.9477804672814778,0.9262267602805185
v8-to-istanbul,9.3.0,2024,0.9601107043604642,0.9317966417068015
markdown-it,14.1.0,2024,0.9812019651264369,0.9390851151152491
kind-of,6.0.3,2020,0.9718560510220129,0.9799633261382443
@babel/helper-annotate-as-pure,7.25.7,2024,0.9699117706412738,0.9700563567415171
simple-git,3.27.0,2024,0.9806167468390807,0.7946600782762603
less-loader,12.2.0,2024,0.9682545918690828,0.9217761357802161
mustache,4.2.0,2021,0.9622719126230896,0.9370812893318666
filesize,10.1.6,2024,0.9682480490708941,0.8707048520888481
d3-array,3.2.4,2023,0.9539497488122683,0.9456394598762112
reflect.getprototypeof,1.0.6,2024,0.982582347766579,0.9326053376113074
postcss-loader,8.1.1,2024,0.985977493628099,0.9088240921335822
wordwrap,1.0.0,2015,0.9186054332018684,0.9558109217483087
dom-accessibility-api,0.7.0,2024,0.9645124068215681,0.9583814158732583
cac,6.7.14,2022,0.9736134718914036,0.9264879979570217
formidable,3.5.1,2023,0.9961761772355092,0.9739152032501115
is-finalizationregistry,1.0.2,2021,0.9754606191600965,0.9430308994088954
@smithy/config-resolver,3.0.9,2024,0.9967079225187934,0.9445664517436022
@babel/plugin-transform-template-literals,7.25.7,2024,0.9801928398684358,0.9461173069701245
interpret,3.1.1,2022,0.9826094628260662,0.7850031218088018
@babel/plugin-transform-regenerator,7.25.7,2024,0.9899177106183373,0.9589389870756682
fast-diff,1.3.0,2023,0.9709001985037724,0.6458156613278435
psl,1.9.0,2022,0.9705996457138528,0.9411198357625532
@azure/abort-controller,2.1.2,2024,0.9928170159231234,0.8906168750796748
redis,4.7.0,2024,0.9679444272769084,0.7711307292508068
which-builtin-type,1.1.4,2024,0.9598925715820448,0.951582260719783
nan,2.21.0,2024,0.9652861197849215,0.7596034848663946
@babel/helper-string-parser,7.25.7,2024,0.9936996881254833,0.9812808085609289
cssnano,7.0.6,2024,0.9713680049156349,0.9451804051425394
iterator.prototype,1.1.3,2024,0.9627599821970838,0.9700770688693858
debounce,2.1.1,2024,0.9423051084664725,0.9141463724212073
@smithy/middleware-content-length,3.0.9,2024,0.9905825557379001,0.9008430513183245
@ungap/structured-clone,1.2.0,2023,0.9726406134619395,0.9763511582923188
fraction.js,5.0.4,2024,0.9850914054751078,0.8152567206089635
is-async-function,2.0.0,2022,0.9802466720503836,0.9572513238717313
@jridgewell/gen-mapping,0.3.5,2024,0.9917312233517976,0.9564028085070573
@smithy/hash-node,3.0.7,2024,0.9977116340975347,0.9225403841255482
temp,0.9.4,2020,0.9990609155466976,0.9464789865162871
@smithy/util-endpoints,2.1.3,2024,0.9741569273474285,0.9385654688923195
@babel/plugin-transform-spread,7.25.7,2024,0.8536372472267795,0.9740624132536653
schema-utils,4.2.0,2023,0.9697513720431082,0.8928176658301815
cacache,19.0.1,2024,0.971984752716233,0.9366462130156791
@smithy/invalid-dependency,3.0.7,2024,0.9783726779894782,0.9366278870183399
html-webpack-plugin,5.6.0,2023,0.9735430781998455,0.9744982757183296
@aws-sdk/client-s3,3.668.0,2024,0.9933824897449269,0.7270342014446995
@opentelemetry/core,1.26.0,2024,0.9662320419489582,0.6410264355297003
symbol-tree,3.2.4,2019,0.979929581465177,0.90411489113041
tailwind-merge,2.5.3,2024,0.9675005237341108,0.9749109928677405
d3-scale,4.0.2,2021,0.9795995100659095,0.9128712410875335
memfs,4.13.0,2024,0.9785323250668387,0.9462917505556999
@colors/colors,1.6.0,2023,0.9916711611285897,0.900531217235567
data-uri-to-buffer,6.0.2,2024,0.9653486217856843,0.9764119696200186
@smithy/util-body-length-browser,3.0.0,2024,0.953851468254762,0.9277105006509689
graphql-tag,2.12.6,2021,0.9848686132306826,0.8854324542573786
copy-webpack-plugin,12.0.2,2024,0.9873372940602774,0.9193033366881762
css-what,6.1.0,2022,0.9996504063216142,0.6622303527578269
@smithy/util-body-length-node,3.0.0,2024,0.9761054708348142,0.7467691165595853
raf,3.4.1,2018,0.9598894427633934,0.9253339659056357
lz-string,1.5.0,2023,0.9627656192409693,0.8240998101306687
requireindex,1.2.0,2018,0.9811949905109956,0.9240309805009461
@testing-library/dom,10.4.0,2024,0.9850770984516926,0.9269386981261403
object-is,1.1.6,2024,0.9806273112291519,0.9517821729081131
unique-filename,4.0.0,2024,0.9624502282953995,0.9321119951134963
@babel/plugin-transform-async-to-generator,7.25.7,2024,0.9697088564716074,0.9503621229246206
@angular-devkit/core,18.2.8,2024,0.9823666952548261,0.866643307617563
deep-eql,5.0.2,2024,0.9911336767025462,0.9462302724973053
elliptic,6.5.7,2024,0.9525262167748081,0.9817690305681126
@ampproject/remapping,2.3.0,2024,0.9854770305451123,0.9399301284149603
adm-zip,0.5.16,2024,0.966748483188389,0.9456144471570347
array.prototype.findlast,1.2.5,2024,0.9703461846587416,0.9657221250749155
promise-retry,2.0.1,2020,0.9814884135865731,0.9804997306711397
@babel/plugin-transform-arrow-functions,7.25.7,2024,0.978484231061408,0.9298696080576387
npm-package-arg,12.0.0,2024,0.9847637400093716,0.9766020101021211
xmlchars,2.2.0,2019,0.9367789506241324,0.9618898817977816
dompurify,3.1.7,2024,0.967997868215845,0.8950705885084634
error-stack-parser,2.1.4,2022,0.9885965896870441,0.9646448074367988
d3-shape,3.2.0,2022,0.971350165398359,0.9573371079393974
rechoir,0.8.0,2021,0.9403238245047085,0.9849415778489267
tree-kill,1.2.2,2019,0.9808975987803478,0.9612673439609228
jake,10.9.2,2024,0.9430568921081471,0.7215885198656606
@grpc/proto-loader,0.7.13,2024,0.9906216661512471,0.6643929706985399
sucrase,3.35.0,2023,0.9980417953701592,0.8952876918433756
@babel/register,7.25.7,2024,0.9714689909155827,0.9352290868546673
web-streams-polyfill,4.0.0,2024,0.9780327425573762,0.797807706698897
@babel/helper-simple-access,7.25.7,2024,0.9597996633749541,0.9713452059679586
bowser,2.11.0,2020,0.9611144003205905,0.7381765474271635
@babel/helper-validator-option,7.25.7,2024,0.984843844022246,0.8107393915692381
minimalistic-assert,1.0.1,2018,0.9399345279249985,0.9352014760051544
resolve-url-loader,5.0.0,2022,0.9791504719714752,0.9221494044893721
@smithy/util-buffer-from,3.0.0,2024,0.9304899148681792,0.9254553895302234
@babel/plugin-syntax-class-properties,7.12.13,2021,0.9801871211319109,0.917343329874623
file-loader,6.2.0,2020,0.9911580513771486,0.8961773481380136
unique-slug,5.0.0,2024,0.9813827930932801,0.9688262958514963
commander,7.0.0-2,2020,0.9734666404531174,0.9255830936474168
debug,4.3.2,2020,0.9640447916435149,0.8690177270011111
semver,7.3.4,2020,0.9924504826560246,0.8087271673483355
uuid,8.3.2,2020,0.9764664791736372,0.738217303376384
glob,7.1.6,2019,0.9845097561203565,0.6387584636783792
fs-extra,9.0.1,2020,0.9827163863079305,0.9083292746779014
yargs,16.2.0,2020,0.983690229187269,0.9362736316734837
axios,0.21.1,2020,0.9948159373981754,0.8968565583259844
mkdirp,0.5.5,2020,0.9467975351296724,0.9347095358824316
minimatch,3.0.4,2017,0.9832932730573909,0.8947955705224067
node-fetch,2.6.1,2020,0.9859132000663167,0.9086663039636238
rimraf,3.0.2,2020,0.954761472560737,0.973360847391737
react,0.0.0-experimental-3310209d0,2020,0.9797255060718494,0.8759763355166433
ajv,7.0.2,2020,0.9827260072965551,0.9431102515040677
async,3.2.0,2020,0.9681901628445793,0.8917864452689195
dotenv,8.2.0,2019,0.9770387084683082,0.9174363162312518
react-dom,0.0.0-experimental-3310209d0,2020,0.9980486944300371,0.9155163305868306
@babel/core,7.12.10,2020,0.9808080647012851,0.8071152080643282
postcss,8.2.2,2020,0.9639251542634638,0.9529806702037491
ws,7.4.2,2020,0.9598635032134277,0.9790547511243632
eslint,7.16.0,2020,0.9458175353459999,0.9428621103384309
inquirer,7.3.3,2020,0.9799207060910782,0.9663645078979319
minimist,1.2.5,2020,0.9723908075911454,0.9612121766140016
qs,6.9.4,2020,0.9867915311817652,0.9710352580500383
core-js,3.8.1,2020,0.9688978311176952,0.8574428343628729
prop-types,15.7.2,2019,0.9891715170373854,0.8641999039411099
readable-stream,3.6.0,2020,0.9394083387857847,0.9660380980569674
source-map,0.8.0-beta.0,2018,0.9902645653693302,0.7778454749420357
form-data,3.0.0,2019,0.9929092341216301,0.9368699224985982
chokidar,3.4.3,2020,0.9826346587365182,0.9057952755856581
color-name,1.1.4,2018,0.9000008081757825,0.8625850767670616
iconv-lite,0.6.2,2020,0.9607844622142356,0.9645486708199303
@typescript-eslint/parser,4.11.2-alpha.0,2020,0.9930779158201384,0.898156588249664
which,2.0.2,2019,0.989195103185997,0.9428928880283823
rxjs,7.0.0-beta.9,2020,0.9759141519037335,0.6891074323008003
resolve,1.19.0,2020,0.9349441070628339,0.8952613053736914
brace-expansion,2.0.0,2020,0.9700615115089422,0.9643378341670423
@typescript-eslint/eslint-plugin,4.11.2-alpha.0,2020,0.9902912034856775,0.8887691105420163
emoji-regex,9.2.0,2020,0.9586401495721423,0.8171466591357197
yaml,2.0.0-1,2020,0.973803920692512,0.8087757348425277
react-is,0.0.0-experimental-3310209d0,2020,0.9574892978506502,0.8854711197824927
webpack,5.11.1,2020,0.9628028352026592,0.7301358498639708
acorn,6.4.2,2020,0.9913880587735733,0.8938530556366278
tslib,2.0.3,2020,0.9797509266873271,0.9478316765638225
source-map-support,0.5.19,2020,0.9943660260484611,0.939358230969384
signal-exit,3.0.3,2020,0.9732066151522021,0.8326531031285158
nanoid,3.1.20,2020,0.9837133496090222,0.8700220285686239
micromatch,4.0.2,2019,0.9802655674895064,0.9110798549171464
eslint-plugin-import,2.22.1,2020,0.9835473736474971,0.9750534514672646
fast-glob,3.2.4,2020,0.9901852876657883,0.9258831026750667
path-to-regexp,6.2.0,2020,0.9925308635794785,0.9560645067410954
dayjs,1.9.8,2020,0.9766604981848742,0.7990375788028483
json5,2.1.3,2020,0.9420255900197791,0.9613131406801925
jsonwebtoken,8.5.1,2019,0.9823235238651787,0.9212177170096847
glob-parent,5.1.1,2020,0.983123200821,0.9422541026929867
https-proxy-agent,5.0.0,2020,0.979126907463731,0.8448659065978217
next,10.0.5-canary.6,2020,0.934845015053229,0.9105824324222853
diff,5.0.0,2020,0.966778491736062,0.7054371094021494
graceful-fs,4.2.4,2020,0.9630366965619571,0.9580885242049902
@babel/preset-env,7.12.11,2020,0.8489214067528471,0.8916768833475559
events,3.2.0,2020,0.9723130336144732,0.42496183245461705
@babel/types,7.12.12,2020,0.9642822610373237,0.9066005112158676
regenerator-runtime,0.13.7,2020,0.9657200032272106,0.9209875719260363
yargs-parser,20.2.4,2020,0.9682282118341372,0.9020833362695679
eslint-plugin-react,7.22.0,2020,0.9879511238871984,0.9471609152729732
@babel/parser,7.12.11,2020,0.8832705474573639,0.8277922411403367
ts-node,9.1.1,2020,0.9555835337897746,0.889785169939707
acorn-walk,8.0.0,2020,0.9635108707330453,0.804785627322838
eventemitter3,4.0.7,2020,0.9931963759103493,0.9016172795773739
esbuild,0.8.28,2020,0.9873982851431067,0.9275542977113432
clsx,1.1.1,2020,0.967975032187465,0.8411270226639713
picomatch,2.2.2,2020,0.9374336698472066,0.8904425180926208
estraverse,5.2.0,2020,0.9931302857205768,0.44343196576973243
ejs,3.1.5,2020,0.9662728599629993,0.6457797464396514
cosmiconfig,7.0.0,2020,0.9878613189709713,0.9281089323282647
rollup,2.35.1,2020,0.9672753528000406,0.8967382412782332
arg,5.0.0,2020,0.966104924828879,0.9543538614951685
ini,2.0.0,2020,0.9964508331125448,0.9552302916376961
cliui,7.0.4,2020,0.9648974763976819,0.9573851747064694
sprintf-js,1.1.2,2018,0.9797381338344611,0.9542706413622571
punycode,2.1.1,2018,0.974881414006449,0.9322380292783132
date-fns,2.16.1,2020,0.9759772638072491,0.5827783015108606
isexe,2.0.0,2017,0.9448948319532554,0.9486222115632719
zod,3.0.0-alpha.2,2020,0.9810121780749823,0.8292699458438443
function-bind,1.1.1,2017,0.8914936594622048,0.9052779833015087
convert-source-map,1.7.0,2019,0.9851495050428402,0.9604939311749388
@testing-library/jest-dom,5.11.8,2020,0.9922334901041397,0.7121495934712296
braces,3.0.2,2019,0.967825037679136,0.9029185110884579
minipass,3.1.3,2020,0.9905468595138731,0.9406265549400048
pretty-format,27.0.0-next.1,2020,0.9798534472045495,0.9424386378192631
@babel/traverse,7.12.12,2020,0.8853006601070659,0.9543876071545174
tmp,0.2.1,2020,0.9852025376787223,0.89406829508562
balanced-match,1.0.0,2017,0.9744803124623795,0.9017740169658852
eslint-scope,5.1.1,2020,0.9585886074926315,0.48307437564984546
@babel/generator,7.12.11,2020,0.9831113357662585,0.9281601631763534
reflect-metadata,0.1.13,2019,0.9945039548915049,0.6739337094351405
jquery,3.5.1,2020,0.9366745182738309,0.8828350933181708
prompts,2.4.0,2020,0.9958253177073735,0.8092273525736409
xml2js,0.4.23,2019,0.9867925902006075,0.8611186225458171
classnames,2.2.6,2018,0.9997238724612756,0.9796062097517795
scheduler,0.0.0-experimental-3310209d0,2020,0.9912896392522474,0.9336573065401554
eslint-visitor-keys,2.0.0,2020,0.9597100932875757,0.9387411085587812
vue,3.0.5,2020,0.9725744284148714,0.8919620201937419
caniuse-lite,1.0.30001171,2020,0.9685461134798045,0.8046590010322129
babel-jest,27.0.0-next.2,2020,0.9874399542059834,0.7740710095382748
autoprefixer,10.1.0,2020,0.9801994477740424,0.9679878327656147
deepmerge,4.2.2,2019,0.9730401293086661,0.9673291498082657
is-glob,4.0.1,2019,0.9605801154117897,0.9337376254183777
escalade,3.1.1,2020,0.9567842682187998,0.8705604540333192
call-bind,1.0.0,2020,0.9905864460863973,0.9724864627007151
whatwg-url,8.4.0,2020,0.9682715691570205,0.9570634527118537
chai,4.2.0,2018,0.9207708003950321,0.8884580019832122
jest,27.0.0-next.2,2020,0.9465013737128187,0.9058609379426883
concat-map,0.0.1,2014,0.9320863365507401,0.8900259969482963
fill-range,7.0.1,2019,0.9815865944605082,0.9292524050297505
@testing-library/user-event,12.6.0,2020,0.9932953199641127,0.8581808995834901
electron-to-chromium,1.3.633,2020,0.9668279601894607,0.9615811803470948
jsdom,16.4.0,2020,0.9923847351188375,0.9897371763957934
graphql,15.4.0-experimental-stream-defer.1,2020,0.9741906211660712,0.7720545328556979
hasown,1.0.1,2014,0.984663658514896,0.9175565958060969
tr46,2.0.2,2020,0.9623430620708163,0.9821848707588737
get-intrinsic,1.0.2,2020,0.968318744607702,0.9360407152035132
node-addon-api,3.1.0,2020,0.9201581042813782,0.963991092980693
has-symbols,1.0.1,2019,0.9998070769812901,0.9271675519374704
is-core-module,2.2.0,2020,0.9912042245643841,0.8963388386869755
immutable,4.0.0-rc.12,2018,0.9709180679652287,0.8659129687489795
agent-base,6.0.2,2020,0.9669183003587022,0.9389497296767733
human-signals,2.1.0,2020,0.9921437778601837,0.9318122933961471
y18n,4.0.1,2020,0.987108219523997,0.9605452350977098
espree,7.3.1,2020,0.9767206782569009,0.518931614854512
entities,2.1.0,2020,0.990605844479772,0.9595868540162674
path-parse,1.0.6,2018,0.9577136409497119,0.9471399433860866
magic-string,0.25.7,2020,0.9974238307906527,0.7086122079082551
@testing-library/react,11.2.2,2020,0.9787499299108824,0.9416690296456226
eslint-plugin-jsx-a11y,6.4.1,2020,0.9217794597482365,0.8970909546028087
readdirp,3.5.0,2020,0.9840964467501223,0.9615999064021743
http-proxy-agent,4.0.1,2020,0.9701339187567901,0.8761290359591769
write-file-atomic,3.0.3,2020,0.9801609802814069,0.9463744251570836
redux,4.0.5,2019,0.9859545719320744,0.846793366899924
flatted,3.1.0,2020,0.9538179150064401,0.9452457469681148
follow-redirects,1.13.1,2020,0.9762114495088019,0.9606186003035238
big.js,6.0.3,2020,0.9638313695064925,0.7771832264396396
uri-js,4.4.0,2020,0.9887736852768259,0.9492488318532715
handlebars,4.7.6,2020,0.9683076675592196,0.9320462799415177
cheerio,1.0.0-rc.5,2020,0.978016951238805,0.9139092851383854
object-inspect,1.9.0,2020,0.9729966832317541,0.8244320818678997
run-parallel,1.1.10,2020,0.9932594318521981,0.9598889296141062
lodash-es,4.17.20,2020,0.9584890051320284,0.9206413742333585
jest-worker,27.0.0-next.2,2020,0.9784587053192935,0.9230221814872197
ci-info,2.0.0,2018,0.9005044607335301,0.950237824537415
parse5,6.0.1,2020,0.9777763076147472,0.9548579979743669
htmlparser2,6.0.0,2020,0.9887334036115559,0.7398918403820121
file-entry-cache,6.0.0,2020,0.9862486512470277,0.9616486924092578
tiny-invariant,1.1.0,2020,0.9464778859061393,0.9725440160117
kleur,4.1.3,2020,0.9699828726821317,0.8863620302725431
object.assign,4.1.2,2020,0.9748406694223423,0.9368070712020701
fastq,1.10.0,2020,0.9849119465813184,0.9804006933061357
eslint-plugin-prettier,3.3.0,2020,0.9725946289328489,0.886408969402548
webidl-conversions,6.1.0,2020,0.9533397875868733,0.9677638464457736
flat-cache,3.0.4,2020,0.9833514584765433,0.92248082711685
json-parse-even-better-errors,2.3.1,2020,0.9916997751608623,0.9745891473951517
tsconfig-paths,3.9.0,2019,0.9712614319982371,0.9083130881613096
keyv,4.0.3,2020,0.9762186338285611,0.9275651775133029
tough-cookie,4.0.0,2020,0.9859835469594116,0.43991655770852073
side-channel,1.0.4,2020,0.9520680421431685,0.9553309348760769
queue-microtask,1.2.2,2020,0.9610148568172473,0.9290126104626902
esquery,1.3.1,2020,0.940804403418235,0.8636293788682006
istanbul-lib-instrument,4.0.3,2020,0.9652123245012956,0.927529185643559
@babel/code-frame,7.12.11,2020,0.9903003676959032,0.8160716085429709
webpack-dev-server,3.11.1,2020,0.9896477957188263,0.9431752300767124
moment,2.29.1,2020,0.9892818195089973,0.8770874588886886
react-router-dom,0.0.0-experimental-ffd8c7d0,2020,0.9925786394376693,0.8767173727127928
@babel/preset-react,7.12.10,2020,0.9999999949304378,0.9673113090738013
word-wrap,1.2.3,2017,0.9569330712873105,0.9513523322374502
lines-and-columns,1.1.6,2016,0.9803095727551687,0.9287143455233663
@aws-sdk/types,3.1.0,2020,0.9463060723495076,0.7326668709109966
sass-loader,10.1.0,2020,0.9863710551949151,0.9282850108190024
retry,0.12.0,2018,0.9715516511152857,0.8641701022488449
@babel/template,7.12.7,2020,0.975098344451411,0.8700238795316741
bignumber.js,9.0.1,2020,0.9730657397643402,0.7207980744180316
bl,1.2.3,2020,0.9988075128684202,0.9619580361276607
ramda,0.27.1,2020,0.9827514435360605,0.5987931431178947
deep-is,0.1.3,2014,0.9566168871967696,0.9252334009297181
hosted-git-info,3.0.7,2020,0.9771639099629155,0.9748682466138026
enhanced-resolve,5.4.1,2020,0.974822358928371,0.9059159215317816
postcss-selector-parser,6.0.4,2020,0.9925664221585362,0.846944810787726
estree-walker,2.0.2,2020,0.9816499842372094,0.8843771906482202
deep-equal,2.0.5,2020,0.8121250807163085,0.970350141227784
es-abstract,1.17.7,2020,0.8802757953465277,0.9407188225245292
dedent,0.7.0,2017,0.9674638846453183,0.9409366611911955
colorette,1.2.1,2020,0.9624682615236261,0.8865622208772361
joi,17.3.0,2020,0.9282397492594272,0.9496749218381464
@babel/preset-typescript,7.12.7,2020,0.9965666119871066,0.941146067767691
@babel/helper-plugin-utils,7.10.4,2020,0.9765242008645185,0.9911782157882721
is-negative-zero,2.0.1,2020,0.9544662668614802,0.9460734766530181
@babel/plugin-transform-runtime,7.12.10,2020,0.9774003399105403,0.9395821999545066
tailwindcss,2.0.2,2020,0.9717984168308837,0.9329387838100667
validator,13.5.2,2020,0.9827965688477794,0.7275628333711142
string.prototype.trimend,1.0.3,2020,0.972148522030015,0.9328126265055997
fast-xml-parser,3.17.6,2020,0.9818751078852054,0.9834397563533456
dotenv-expand,5.1.0,2019,0.9779619787703857,0.9462953184401726
crypto-js,4.0.0,2020,0.8514445321493309,0.8264210667228279
marked,1.2.7,2020,0.9735986882687037,0.9829444564938258
protobufjs,6.10.2,2020,0.9628757232034766,0.8841958405828022
shelljs,0.8.4,2020,0.9916969835257168,0.8464721912483021
ajv-formats,1.5.1,2020,0.9702128769434144,0.9643004753940787
nopt,5.0.0,2020,0.9851608568759898,0.958348316779406
is-callable,1.2.2,2020,0.9719904899538104,0.9648033049802127
@emotion/react,11.1.4,2020,0.9750643772378282,0.8891637360816632
url-parse,1.4.7,2019,0.960389389424699,0.9012093650564288
internal-slot,1.0.2,2019,0.9679747464683564,0.8818655658565513
normalize-package-data,3.0.0,2020,0.9961816452588451,0.9339561487997485
@babel/helper-module-imports,7.12.5,2020,0.9551527416146044,0.9012252328842518
available-typed-arrays,1.0.2,2020,0.9787684492647643,0.8925944205848502
which-typed-array,1.1.4,2020,0.9721571773737645,0.9281799077718722
@typescript-eslint/typescript-estree,4.11.2-alpha.0,2020,0.9702539340577973,0.8034437451384487
foreground-child,2.0.0,2019,0.9822885504095504,0.9377785087021921
react-redux,7.2.2,2020,0.9415331699540581,0.9064607157911688
domutils,2.4.4,2020,0.9600267459749947,0.6395135045632145
is-regex,1.1.1,2020,0.9822341760091609,0.9546703895366163
node-gyp-build,4.2.3,2020,0.9447622730904566,0.9524125441962352
lru-cache,6.0.0,2020,0.9639360759819632,0.8674826281219198
@sinclair/typebox,0.12.7,2020,0.9618681859367849,0.6014561709394162
cross-fetch,3.0.6,2020,0.960822503224319,0.9572463523270729
cli-width,3.0.0,2020,0.9653049938796531,0.9484297986029451
object.values,1.1.2,2020,0.9679935872540747,0.9475742568136059
dom-serializer,1.2.0,2020,0.9865799200987175,0.8744329789227341
mute-stream,0.0.8,2018,0.9816879199558108,0.9385557700396366
is-typed-array,1.1.4,2020,0.9250086900732034,0.9760192920750241
istanbul-lib-coverage,3.0.0,2019,0.9828848541420776,0.8807342446405159
type-detect,4.0.8,2018,0.9811298653827202,0.9264094327788384
webpack-sources,2.2.0,2020,0.9860749486827247,0.8849773298804051
util,0.12.3,2020,0.9415015532746722,0.4646029219168973
is-string,1.0.5,2019,0.915357958552735,0.9623018103660701
object-hash,2.1.1,2020,0.9751321929770151,0.9341033966546444
is-bigint,1.0.1,2020,0.9735399847378734,0.9276037189363983
jackspeak,1.4.0,2019,0.9902784170230874,0.881205833821565
ajv-keywords,4.0.0,2020,0.9902146959041334,0.8955629141867629
@emotion/styled,11.0.0,2020,0.9711890978925137,0.8960694251167286
is-array-buffer,1.0.1,2018,0.9400810777115873,0.9343917396090258
diff-sequences,27.0.0-next.0,2020,0.9397623488312455,0.7942044095301874
jest-diff,27.0.0-next.1,2020,0.9837905841594303,0.8901105068024522
has-bigints,1.0.1,2020,0.9551854490257993,0.9336289426691255
long,4.0.0,2018,0.9780272863930768,0.8683204704815493
regexp.prototype.flags,1.3.0,2019,0.9563848656383793,0.9150523211725031
expect,27.0.0-next.1,2020,0.9704545002241801,0.9393588477504456
@babel/plugin-syntax-jsx,7.12.1,2020,0.9675212722233978,0.9198335639521523
mongodb,3.6.3,2020,0.9888971644066533,0.9301842355664948
is-symbol,1.0.3,2019,0.9390767697858795,0.92401924123954
string.prototype.trimstart,1.0.3,2020,0.9701277366685016,0.9090945602093101
cookie-signature,1.1.0,2018,0.9750814837687566,0.9397281560460836
pirates,4.0.1,2019,0.946437082360296,0.9518453036291254
npm,7.3.0,2020,0.9567519998666283,0.8811491837013327
domhandler,4.0.0,2020,0.9770517185660162,0.8721504349772782
tapable,2.2.0,2020,0.9999839620571445,0.9070045991574878
eastasianwidth,0.2.0,2018,0.8832403618228727,0.966309084781688
string.prototype.trim,1.2.3,2020,0.9177805171015379,0.9517341992446422
lilconfig,2.0.2,2020,0.958974099186676,0.9582552302741831
url,0.11.0,2015,0.9999999804115847,0.4828836943828424
superagent,6.1.0,2020,0.9463588215382637,0.8773486249541821
validate-npm-package-name,3.0.0,2017,0.9520022813456726,0.959263157602448
is-weakref,1.0.1,2020,0.9493099850936518,0.9527397577512383
globalthis,1.0.1,2019,0.9658022572653183,0.9619011486456406
functions-have-names,1.2.2,2020,0.9791920687721201,0.9533954455940041
decimal.js,10.2.1,2020,0.99331347246855,0.7838467963762257
webpack-merge,5.7.3,2020,0.9874236293555123,0.8468896185813479
sax,1.2.4,2017,0.9704306245935933,0.8144029851272071
unbox-primitive,1.0.0,2019,0.9157922919857343,0.9383071083416687
is-boolean-object,1.1.0,2020,0.9601179770606865,0.953419493096169
is-number-object,1.0.4,2019,0.9437150855563231,0.9621497808092182
typed-array-length,1.0.3,2020,0.9590753776810289,0.919873079487788
function.prototype.name,1.1.3,2020,0.9738959443887082,0.9500805621412239
defaults,1.0.3,2015,0.926752918871261,0.9129989196335664
is-date-object,1.0.2,2019,0.9654428837060485,0.9403906131313211
http-proxy-middleware,1.0.6,2020,0.9785961853702124,0.9581687694488079
istanbul-lib-source-maps,4.0.0,2019,0.9473440864769365,0.8390182714592298
@babel/plugin-transform-modules-commonjs,7.12.1,2020,0.9890563783472964,0.9115697524854149
flat,3.0.1,2020,0.9672300499009403,0.9661185532464911
aria-query,4.2.2,2020,0.9803944636345534,0.8572163728172846
promise,8.1.0,2020,0.99739522924505,0.8779183501728643
split2,3.2.2,2020,0.9572000406391123,0.44806506496388016
css-tree,1.1.2,2020,0.9556570980552908,0.8802743549789882
object.fromentries,2.0.3,2020,0.9342650067372703,0.9521501654153391
html-escaper,3.0.0,2020,0.9151846446320075,0.5961905946771147
html-entities,2.0.2,2020,0.9669356130734006,0.8001009310644812
array-includes,3.1.2,2020,0.9618760115391237,0.963963184212193
define-properties,1.1.3,2018,0.9921645712845816,0.9393527467156272
regjsparser,0.6.4,2020,0.9872150850349629,0.5411834789737201
graphemer,1.1.1,2020,0.8405807206841945,0.8425517684112958
immer,8.0.0,2020,0.9748661172200668,0.8882198288529456
cjs-module-lexer,1.0.0,2020,0.9789053275118509,0.9811293369599661
chownr,2.0.0,2020,0.9349850403376846,0.9052891111205537
undici,3.0.0,2020,0.9889773838476164,0.9118221862195918
istanbul-reports,3.0.2,2020,0.9582859501716868,0.856271894379071
css-select,3.1.2,2020,0.9733804740188569,0.9250302182068901
tar-stream,2.2.0,2020,0.97821288101374,0.885345808223454
run-async,2.4.1,2020,0.9700301551156891,0.9424547873691294
jest-cli,27.0.0-next.2,2020,0.9478014023831447,0.7443313155569733
enquirer,2.3.6,2020,0.9930117546161175,0.9189623923370684
less,4.0.0,2020,0.9561688507680146,0.8456930977476802
react-router,0.0.0-experimental-ffd8c7d0,2020,0.8876707446821969,0.9006483834590078
mini-css-extract-plugin,1.3.3,2020,0.9840220352529873,0.899240229132278
serialize-javascript,5.0.1,2020,0.9575914386573503,0.902485726561773
jest-mock,27.0.0-next.1,2020,0.9843775913383431,0.916331621454174
@typescript-eslint/types,4.11.2-alpha.0,2020,0.9407515462383308,0.8627461081606151
consola,2.15.0,2020,0.9668871900397509,0.734123268248257
core-js-compat,3.8.1,2020,0.952695097014739,0.9482115434432594
test-exclude,6.0.0,2019,0.9758118678694899,0.9821301522358795
shell-quote,1.7.2,2019,0.9773488897616871,0.9527131484645701
archiver,5.1.0,2020,0.9758755119004547,0.9331370584965515
react-refresh,0.0.0-experimental-3310209d0,2020,0.9796026301789406,0.8776621382584335
object.entries,1.1.3,2020,0.9450635235457914,0.9527978754465136
socket.io,3.0.4,2020,0.9612120004545348,0.7656095483627253
ts-jest,27.0.0-next.2,2020,0.943734027708161,0.8822723906363151
jszip,3.5.0,2020,0.9497568924160092,0.9651810746970566
is-generator-function,1.0.8,2020,0.980331428460656,0.9632785031781339
watchpack,2.1.0,2020,0.9889310284895365,0.9527657364751991
pino,6.9.0,2020,0.9773288538922577,0.973806249542754
vue-router,4.0.2,2020,0.9588123963323181,0.8901193104855047
istanbul-lib-report,3.0.0,2019,0.9812842372265808,0.9198967280124318
@aws-sdk/client-sts,3.1.0,2020,0.9518574791780511,0.9024678615942292
jest-docblock,27.0.0-next.0,2020,0.9705751177785067,0.878086910643573
char-regex,1.0.2,2020,0.8991207749843151,0.8858253983511049
es-module-lexer,0.3.26,2020,0.9813224128774461,0.8261468525919065
jest-validate,27.0.0-next.1,2020,0.943821867990602,0.7438637527244649
jest-circus,27.0.0-next.2,2020,0.9956670098869964,0.9215075284038579
luxon,1.25.0,2020,0.9781409546806201,0.9038453912620865
babel-plugin-istanbul,6.0.0,2019,0.9725089867448777,0.934994898282623
regenerator-transform,0.14.5,2020,0.9741308629175929,0.8867300646182619
highlight.js,10.5.0,2020,0.9824486219879383,0.8014779235250821
@aws-crypto/sha256-js,1.0.0,2020,0.9706826357759557,0.7945243207774346
whatwg-mimetype,2.3.0,2018,0.9975417603222444,0.9840342193091922
babel-preset-jest,27.0.0-next.0,2020,0.9825230214875083,0.8690228475274224
loader-utils,2.0.0,2020,0.9597276401448286,0.8170257193283756
eslint-import-resolver-node,0.3.4,2020,0.9363908035289841,0.9730073787683937
svgo,1.3.2,2019,0.9717980883793926,0.9158411553774499
babel-plugin-polyfill-regenerator,0.0.8,2020,0.9207784067861524,0.9336553758145661
webpack-cli,4.3.1,2020,0.9670816349585195,0.9832978226934503
css-loader,5.0.1,2020,0.9626749520081546,0.8806860214893693
babel-plugin-jest-hoist,27.0.0-next.0,2020,0.9556777124422722,0.8855462183924596
fs-minipass,2.1.0,2020,0.9653384626193893,0.9175517858308326
babel-loader,8.2.2,2020,0.9754581678364922,0.9551207295268732
socks-proxy-agent,5.0.0,2020,0.9854833024441312,0.8270452380696419
fb-watchman,2.0.1,2019,0.9604031446533376,0.8879661903417934
array.prototype.flat,1.2.4,2020,0.9818717907430036,0.9653430755752034
whatwg-encoding,1.0.5,2018,0.9396491606175963,0.9687267465841207
jsonc-parser,3.0.0,2020,0.9694636404438866,0.932168812715332
jest-each,27.0.0-next.1,2020,0.979915228488986,0.9632828390768767
@typescript-eslint/scope-manager,4.11.2-alpha.0,2020,0.9667484402335731,0.8472083743984236
@eslint/eslintrc,0.2.2,2020,0.9549185586228668,0.953235248100697
jest-changed-files,27.0.0-next.1,2020,0.9925150847070106,0.9336647274430467
cli-table3,0.6.0,2020,0.9345460919204025,0.8830206125894104
@aws-sdk/credential-provider-node,3.1.0,2020,0.9460154804388324,0.9057496316201687
jest-leak-detector,27.0.0-next.1,2020,0.9736414976733617,0.8521158150345106
jiti,0.1.19,2020,0.9860201725261181,0.946872319705804
ansi-colors,4.1.1,2019,0.9448085070276907,0.8627756915815035
underscore,1.12.0,2020,0.9680208483638085,0.9034627053311777
moment-timezone,0.5.32,2020,0.948619662856252,0.9007045566087822
array.prototype.flatmap,1.2.4,2020,0.9578281135454718,0.9644190602638362
domelementtype,2.1.0,2020,0.9583840708058687,0.969814145794069
sharp,0.27.0,2020,0.9257187294668063,0.8511412170549135
whatwg-fetch,3.5.0,2020,0.9825445780927956,0.9680893488028568
dateformat,4.4.1,2020,0.9740080213677282,0.8864250697623137
regexpu-core,4.7.1,2020,0.9722881985461329,0.9119543711662917
ipaddr.js,2.0.0,2020,0.991894131035981,0.8868931907746863
unicode-property-aliases-ecmascript,1.1.0,2020,0.9914488887065603,0.8191752695639132
escodegen,2.0.0,2020,0.9849893696865227,0.36570459359449126
@rollup/pluginutils,4.1.0,2020,0.959882155198698,0.9322072926145201
xml-name-validator,3.0.0,2017,0.9027957088531902,0.9669529448011588
@aws-crypto/sha256-browser,1.0.0,2020,0.9285484015063599,0.95159361783982
abbrev,1.1.1,2017,0.9535172318828332,0.9377092773545687
mongoose,5.11.9,2020,0.9829158299571958,0.8861204301183089
babel-preset-current-node-syntax,1.0.1,2020,0.979144558202154,0.8870889171219278
nodemon,2.0.6,2020,0.9827105095082533,0.9558255002881376
babel-plugin-polyfill-corejs2,0.0.8,2020,0.9393838606327791,0.961191388011048
nth-check,2.0.0,2020,0.9371355478036145,0.9527235877669997
walker,1.0.7,2015,0.9581418717370578,0.9286777069903747
makeerror,1.0.11,2015,0.982113525401734,0.9554922923829495
event-target-shim,5.0.1,2019,0.9957478113815846,0.8592289817306158
@aws-sdk/middleware-user-agent,3.1.0,2020,0.9905237486128194,0.7725025977502815
is-set,2.0.2,2020,0.9717557270580259,0.9341386086807328
postcss-load-config,3.0.0,2020,0.9711392316344413,0.9591063728166487
@opentelemetry/semantic-conventions,0.14.0,2020,0.9933130754987199,0.8840476008823767
is-map,2.0.2,2020,0.9570672413632836,0.9192880273791352
i18next,19.8.4,2020,0.967883496366285,0.9282879786728928
chardet,1.3.0,2020,0.8872488043929456,0.6517563426603885
mdn-data,2.0.14,2020,0.9967060892462551,0.941911688825726
html-encoding-sniffer,2.0.1,2020,0.9856575076234313,0.9626384575340952
cssstyle,2.3.0,2020,0.9848546674256725,0.8780727992310724
tar-fs,2.1.1,2020,0.979336609798833,0.9631199404185973
collect-v8-coverage,1.0.1,2020,0.9537240414144049,0.992135720638123
url-join,4.0.1,2019,0.95003650910924,0.9560335493585139
@aws-sdk/client-sso-oidc,3.1.0,2020,0.9457078605420668,0.8536417228206057
string.prototype.matchall,4.0.3,2020,0.9793576515057005,0.9564594273606029
tmpl,1.0.4,2015,0.977832481757953,0.9340341215167318
polished,4.0.5,2020,0.9577469288035994,0.9184452661131538
@typescript-eslint/visitor-keys,4.11.2-alpha.0,2020,0.9775477043196912,0.9001918488482044
unicode-canonical-property-names-ecmascript,1.0.4,2018,0.9332650244125742,0.811992528184459
image-size,0.9.3,2020,0.9797233060714732,0.8109986659588313
jwt-decode,3.1.2,2020,0.9654726340564793,0.8934927589886701
socket.io-client,3.0.4,2020,0.9753857041321479,0.9579603666740629
@aws-sdk/util-user-agent-node,3.1.0,2020,0.978109370034064,0.9345600503282292
envinfo,7.7.3,2020,0.9704305228289312,0.7784107220646462
jsx-ast-utils,3.2.0,2020,0.9782278285561009,0.8581351744885903
style-loader,2.0.0,2020,0.9860650065606493,0.8737579662376579
winston,3.3.3,2020,0.983480682890744,0.9148008467078341
@aws-sdk/middleware-host-header,3.1.0,2020,0.9833426530177685,0.971638779557408
eslint-import-resolver-typescript,2.3.0,2020,0.9685600864063064,0.8835189257267116
@babel/helper-validator-identifier,7.12.11,2020,0.9696094807655098,0.7436200081517186
node-gyp,7.1.2,2020,0.9814396054593764,0.950061674773553
is-arguments,1.1.0,2020,0.9828422982852429,0.9716372256778305
@aws-sdk/util-user-agent-browser,3.1.0,2020,0.974823360551791,0.9205479136131924
change-case,4.1.2,2020,0.9943127177266218,0.7383525135345612
unicode-match-property-value-ecmascript,1.2.0,2020,0.9889057042696635,0.917306205231959
chrome-trace-event,1.0.2,2019,0.9847097684023018,0.9747518167823396
socks,2.5.1,2020,0.9852248704498093,0.7739163658292876
@aws-sdk/middleware-logger,3.1.0,2020,0.9950973995491824,0.8771194395730952
mitt,2.1.0,2020,0.9015406617932311,0.6917803922873675
@babel/plugin-transform-classes,7.12.1,2020,0.979945681229182,0.9087889807485767
@popperjs/core,2.6.0,2020,0.9889346435049096,0.9381193923127841
rfdc,1.1.4,2019,0.9679366944578743,0.9062813481148567
regenerate-unicode-properties,8.2.0,2020,0.9749015613181061,0.7117883430470862
@opentelemetry/api,0.14.0,2020,0.9635147019743545,0.8730610959568332
is-weakset,2.0.1,2019,0.9626868598636903,0.9485050135678049
which-collection,1.0.1,2020,0.9168506678486875,0.954246172057459
is-weakmap,2.0.1,2019,0.952497923361604,0.932445382065999
@grpc/grpc-js,1.2.2,2020,0.9870888506438067,0.6840619468596723
w3c-xmlserializer,2.0.0,2020,0.9879104821992851,0.9889329288868502
yallist,4.0.0,2019,0.9721099872177309,0.9368225949220644
data-urls,2.0.0,2020,0.9675149423249692,0.9770241500139396
ua-parser-js,0.7.23,2020,0.9718919889745179,0.9242015085002688
@babel/plugin-transform-react-jsx,7.12.12,2020,0.9737752430434348,0.8744011871533737
@nodelib/fs.walk,1.2.6,2020,0.9939458941225483,0.9552217688430539
busboy,0.3.1,2019,0.9792227456257919,0.9415157179961744
lint-staged,10.5.3,2020,0.9910384591353301,0.9901061802228233
@angular/common,9.1.13,2020,0.9580912087682083,0.8151476965182449
@babel/helpers,7.12.5,2020,0.9347924064517695,0.9386060900532145
@babel/plugin-transform-typescript,7.12.1,2020,0.9720488381223447,0.9268212737141007
buffer-crc32,0.2.13,2016,0.9295148329032442,0.8728332689260101
@babel/helper-module-transforms,7.12.1,2020,0.9548284211951846,0.9557825853628201
ioredis,4.19.4,2020,0.9754426578301374,0.949387626456805
detect-libc,1.0.3,2017,0.9703548690910349,0.9654572104471113
loader-runner,4.1.0,2020,0.9923808110104329,0.9336819324621393
babel-plugin-polyfill-corejs3,0.0.10,2020,0.9767142817986055,0.9459194322995126
@babel/plugin-syntax-typescript,7.12.1,2020,0.9746214422311312,0.9589103933515212
nodemailer,6.4.17,2020,0.9622211133810159,0.9825301701640105
axobject-query,2.2.0,2020,0.9862999713434553,0.9110417293976999
react-hook-form,6.14.0,2020,0.9781074753310203,0.9062208492492974
yup,1.0.0-alpha.2,2020,0.9663890371089223,0.8551511097029941
google-auth-library,6.1.3,2020,0.9886657664460877,0.8158735306651796
bn.js,5.1.3,2020,0.9338434192784058,0.9162609311188479
saxes,5.0.1,2020,0.962455978172809,0.9535708356150344
zone.js,0.11.3,2020,0.9792293459236021,0.7442460954885818
nwsapi,2.2.0,2019,0.972623257543883,0.8029765965046191
dequal,2.0.2,2020,0.934553756218674,0.744910539985183
unicode-match-property-ecmascript,1.0.4,2018,0.9840125445269737,0.9740641063763972
minizlib,2.1.2,2020,0.978177506675066,0.9812370228629352
@babel/plugin-transform-destructuring,7.12.1,2020,0.9897606311070399,0.9576502246759063
listr2,3.2.3,2020,0.9883186360770456,0.7727067240036999
framer-motion,3.1.1,2020,0.9624001682299523,0.9094532365739679
figlet,1.5.0,2020,0.9398820711825293,0.9565091182828727
smart-buffer,4.1.0,2019,0.9979597341864362,0.9576061638668364
redux-thunk,2.3.0,2018,0.9551876391021829,0.936485285864875
ip-address,7.1.0,2020,0.9843624422927395,0.8214090257968615
ts-loader,8.0.13,2020,0.9857502883523286,0.9039689613188377
http-cache-semantics,4.1.0,2020,0.9887083116860913,0.8813362681352457
@angular/platform-browser,9.1.13,2020,0.9827243289460511,0.822988452439783
reselect,4.0.0,2018,0.9710176409576636,0.9619989420352122
webpack-dev-middleware,3.7.3,2020,0.9757316471362429,0.9871468547477017
terser-webpack-plugin,5.0.3,2020,0.9853251478871488,0.9257182174518896
@babel/highlight,7.10.4,2020,0.9653794248878791,0.9164220287700245
recast,0.20.4,2020,0.9477804672814778,0.940887946716807
v8-to-istanbul,7.1.0,2020,0.9601107043604642,0.954204998001776
markdown-it,12.0.4,2020,0.9812019651264369,0.900307214529487
@babel/helper-annotate-as-pure,7.12.10,2020,0.9699117706412738,0.9034834252660935
simple-git,2.31.0,2020,0.9806167468390807,0.9713706708598767
less-loader,7.2.1,2020,0.9682545918690828,0.8897456810744271
mustache,4.1.0,2020,0.9622719126230896,0.9334049396810674
filesize,6.1.0,2020,0.9682480490708941,0.9195517780868459
d3-array,2.9.1,2020,0.9539497488122683,0.9641449056059084
@angular/forms,9.1.13,2020,0.9802468612657341,0.8620228157899751
postcss-loader,4.1.0,2020,0.985977493628099,0.9046383314124292
dom-accessibility-api,0.5.4,2020,0.9645124068215681,0.8864024397901444
cac,6.7.1,2020,0.9736134718914036,0.9332006610528645
formidable,2.0.0-canary.20200504.1,2020,0.9961761772355092,0.9381681269001684
@angular/platform-browser-dynamic,9.1.13,2020,0.9132012828399222,0.8462201465293699
is-finalizationregistry,1.0.1,2020,0.9754606191600965,0.9553714763549744
@babel/plugin-transform-template-literals,7.12.1,2020,0.9801928398684358,0.9543747581471367
interpret,2.2.0,2020,0.9826094628260662,0.9447335361300696
@babel/plugin-transform-regenerator,7.12.1,2020,0.9899177106183373,0.8939743873898707
fast-diff,1.2.0,2018,0.9709001985037724,0.6136697447065058
psl,1.8.0,2020,0.9705996457138528,0.9356252975562309
@azure/abort-controller,1.0.1-alpha.20201224.1,2020,0.9928170159231234,0.8524232781011184
redis,3.0.2,2020,0.9679444272769084,0.9367886323743936
which-builtin-type,1.0.1,2020,0.9598925715820448,0.9376513664911224
nan,2.14.2,2020,0.9652861197849215,0.8297801994819389
cssnano,4.0.0-nightly.2020.10.20,2020,0.9713680049156349,0.9375787994435935
debounce,1.2.0,2018,0.9423051084664725,0.8979220114729396
@angular/router,9.1.13,2020,0.9722185712885572,0.8017521759554505
fraction.js,4.0.13,2020,0.9850914054751078,0.7380877495562063
is-async-function,1.3.0,2020,0.9802466720503836,0.8442683552229997
@babel/plugin-transform-spread,7.12.1,2020,0.8536372472267795,0.939649172479947
schema-utils,3.0.0,2020,0.9697513720431082,0.8972191544911665
cacache,15.0.5,2020,0.971984752716233,0.9265698085097175
html-webpack-plugin,5.0.0-beta.1,2020,0.9735430781998455,0.9197588471628784
@aws-sdk/client-s3,3.1.0,2020,0.9933824897449269,0.7934618699275424
@opentelemetry/core,0.14.0,2020,0.9662320419489582,0.734096536438274
d3-scale,3.2.3,2020,0.9795995100659095,0.9451591448754304
memfs,3.2.0,2020,0.9785323250668387,0.8444286583212113
data-uri-to-buffer,3.0.1,2020,0.9653486217856843,0.9826769413987669
graphql-tag,2.11.0,2020,0.9848686132306826,0.9591827890640204
copy-webpack-plugin,6.4.1,2020,0.9873372940602774,0.8766107127010684
css-what,4.0.0,2020,0.9996504063216142,0.8379839053198002
lz-string,1.4.4,2015,0.9627656192409693,0.8272700011827995
@testing-library/dom,7.29.0,2020,0.9850770984516926,0.8691671952347272
object-is,1.1.4,2020,0.9806273112291519,0.9392797782602235
@angular/animations,9.1.13,2020,0.9822622453083363,0.8341750852680696
unique-filename,1.1.1,2018,0.9624502282953995,0.938942868296381
@babel/plugin-transform-async-to-generator,7.12.1,2020,0.9697088564716074,0.937284639551587
@angular-devkit/core,10.2.1,2020,0.9823666952548261,0.8018828925355461
deep-eql,4.0.0,2018,0.9911336767025462,0.9220808663445694
responselike,2.0.0,2019,0.9917447283922295,0.9549422913616292
elliptic,6.5.3,2020,0.9525262167748081,0.9746939131256294
@ampproject/remapping,1.0.0,2020,0.9854770305451123,0.966699115623887
adm-zip,0.5.1,2020,0.966748483188389,0.9029610877306402
@babel/plugin-transform-arrow-functions,7.12.1,2020,0.978484231061408,0.9436505082428821
npm-package-arg,8.1.0,2020,0.9847637400093716,0.9497777722435429
dompurify,2.2.6,2020,0.967997868215845,0.8977866513318163
error-stack-parser,2.0.6,2020,0.9885965896870441,0.9605079147407846
d3-shape,2.0.0,2020,0.971350165398359,0.9122220436811739
rechoir,0.7.0,2019,0.9403238245047085,0.9725390772897755
jake,10.8.2,2020,0.9430568921081471,0.7213875944671132
@grpc/proto-loader,0.6.0-pre17,2020,0.9906216661512471,0.7251575809956627
sucrase,3.17.0,2020,0.9980417953701592,0.8970101543887226
@babel/register,7.12.10,2020,0.9714689909155827,0.9043366698198944
web-streams-polyfill,3.0.1,2020,0.9780327425573762,0.95503825479142
@babel/helper-simple-access,7.12.1,2020,0.9597996633749541,0.8963433978039334
@babel/helper-validator-option,7.12.11,2020,0.984843844022246,0.8527223498837413
resolve-url-loader,3.1.2,2020,0.9791504719714752,0.8990504175832306
@babel/plugin-syntax-class-properties,7.12.1,2020,0.9801871211319109,0.9336722745194775
@swc/core,1.2.43,2020,0.947878965147917,0.8479426952359846
unique-slug,2.0.2,2019,0.9813827930932801,0.9675765555622926
